23643,48476,1,3684,9479
26523.0,28803.0,1,,
1004.0,11322.0,1,,
67254.0,67255.0,1,,
5260.0,25548.0,1,,
1140.0,44782.0,1,,
1566.0,41881.0,1,,
1180.0,34302.0,1,,
9852.0,28768.0,1,,
633.0,30156.0,1,,
9965.0,5471.0,1,,
11015.0,2617.0,1,,
3160.0,64718.0,1,,
9570.0,15597.0,1,,
3992.0,48515.0,1,,
58493.0,74224.0,1,,
27598.0,67255.0,1,,
2695.0,15321.0,1,,
8467.0,58658.0,1,,
5323.0,9867.0,1,,
47.0,7418.0,1,,
56.0,1381.0,1,,
636.0,18729.0,1,,
7349.0,71370.0,1,,
4206.0,17024.0,1,,
8159.0,53810.0,1,,
7191.0,11562.0,1,,
5253.0,7677.0,1,,
25345.0,14743.0,1,,
1923.0,26795.0,1,,
8.0,15868.0,1,,
17538.0,12793.0,1,,
31508.0,10241.0,1,,
760.0,18041.0,1,,
21535.0,29926.0,1,,
41851.0,60126.0,1,,
66448.0,66450.0,1,,
980.0,42817.0,1,,
69356.0,69359.0,1,,
8051.0,16209.0,1,,
10038.0,1765.0,1,,
316.0,52010.0,1,,
4982.0,3355.0,1,,
2490.0,26074.0,1,,
1815.0,37579.0,1,,
29526.0,36252.0,1,,
2951.0,38915.0,1,,
28916.0,2121.0,1,,
14157.0,56830.0,1,,
4969.0,2131.0,1,,
1120.0,7998.0,1,,
59092.0,78292.0,1,,
6046.0,16195.0,1,,
24150.0,4811.0,1,,
5063.0,48948.0,1,,
16490.0,58420.0,1,,
41.0,55456.0,1,,
1377.0,17712.0,1,,
1307.0,34584.0,1,,
1928.0,22887.0,1,,
9164.0,13284.0,1,,
26679.0,4330.0,1,,
667.0,1981.0,1,,
14216.0,10226.0,1,,
2002.0,27065.0,1,,
1119.0,9274.0,1,,
1602.0,3893.0,1,,
5059.0,3942.0,1,,
11647.0,31977.0,1,,
22.0,22156.0,1,,
10172.0,5498.0,1,,
2650.0,6764.0,1,,
737.0,6233.0,1,,
1990.0,15824.0,1,,
18494.0,7048.0,1,,
8946.0,12086.0,1,,
19418.0,4883.0,1,,
39963.0,63242.0,1,,
17299.0,57649.0,1,,
2029.0,1751.0,1,,
2364.0,32994.0,1,,
96.0,13213.0,1,,
4999.0,5688.0,1,,
5981.0,16120.0,1,,
1079.0,1088.0,1,,
4166.0,17347.0,1,,
510.0,25439.0,1,,
14688.0,15977.0,1,,
11206.0,9020.0,1,,
13395.0,12631.0,1,,
1125.0,4575.0,1,,
4738.0,49298.0,1,,
8895.0,22793.0,1,,
1180.0,3149.0,1,,
1111.0,1162.0,1,,
10588.0,43858.0,1,,
24401.0,31152.0,1,,
2013.0,72789.0,1,,
450.0,57987.0,1,,
1313.0,6245.0,1,,
3350.0,8932.0,1,,
5613.0,25212.0,1,,
11391.0,58659.0,1,,
24628.0,79990.0,1,,
4.0,37091.0,1,,
11658.0,58149.0,1,,
22.0,5255.0,1,,
49236.0,70017.0,1,,
22466.0,6232.0,1,,
1293.0,40085.0,1,,
636.0,11115.0,1,,
14137.0,23910.0,1,,
6867.0,32071.0,1,,
8518.0,27313.0,1,,
17257.0,17256.0,1,,
1239.0,15878.0,1,,
23687.0,7297.0,1,,
871.0,17894.0,1,,
6051.0,43283.0,1,,
2780.0,29407.0,1,,
22949.0,15604.0,1,,
1700.0,56565.0,1,,
14277.0,61753.0,1,,
1006.0,1752.0,1,,
80.0,57018.0,1,,
11293.0,76967.0,1,,
45040.0,67937.0,1,,
80.0,63178.0,1,,
52.0,946.0,1,,
1078.0,2970.0,1,,
658.0,54401.0,1,,
22302.0,64576.0,1,,
832.0,2565.0,1,,
3869.0,6666.0,1,,
1310.0,3006.0,1,,
2898.0,43443.0,1,,
713.0,12697.0,1,,
32421.0,66154.0,1,,
5693.0,21291.0,1,,
56192.0,66689.0,1,,
247.0,23623.0,1,,
1161.0,4342.0,1,,
1382.0,22607.0,1,,
87.0,9989.0,1,,
1402.0,15627.0,1,,
1650.0,23801.0,1,,
20965.0,20966.0,1,,
2820.0,8692.0,1,,
2238.0,11911.0,1,,
14868.0,75964.0,1,,
10825.0,57794.0,1,,
4413.0,19457.0,1,,
5059.0,4092.0,1,,
7248.0,6053.0,1,,
36696.0,42263.0,1,,
14840.0,7064.0,1,,
15095.0,3946.0,1,,
953.0,7521.0,1,,
30601.0,25567.0,1,,
849.0,2584.0,1,,
995.0,48306.0,1,,
11637.0,11660.0,1,,
9235.0,15770.0,1,,
978.0,23094.0,1,,
8768.0,12112.0,1,,
770.0,67916.0,1,,
13740.0,54815.0,1,,
67.0,980.0,1,,
760.0,1056.0,1,,
112.0,15934.0,1,,
3726.0,6250.0,1,,
4299.0,1598.0,1,,
3217.0,25847.0,1,,
1220.0,8403.0,1,,
837.0,2570.0,1,,
14863.0,78834.0,1,,
7085.0,7069.0,1,,
2670.0,1764.0,1,,
757.0,101.0,1,,
1389.0,21646.0,1,,
6521.0,40422.0,1,,
1018.0,2499.0,1,,
3732.0,23314.0,1,,
11341.0,5709.0,1,,
3897.0,18494.0,1,,
19442.0,29761.0,1,,
6026.0,41135.0,1,,
930.0,3717.0,1,,
686.0,36773.0,1,,
17699.0,6214.0,1,,
31.0,20239.0,1,,
330.0,29241.0,1,,
42859.0,67747.0,1,,
770.0,38208.0,1,,
6442.0,53558.0,1,,
13217.0,14550.0,1,,
4341.0,48905.0,1,,
13632.0,29119.0,1,,
17175.0,2765.0,1,,
14103.0,40524.0,1,,
47.0,2481.0,1,,
660.0,70507.0,1,,
7836.0,12430.0,1,,
1404.0,47886.0,1,,
62.0,66047.0,1,,
3367.0,41723.0,1,,
14093.0,32475.0,1,,
1406.0,41678.0,1,,
3490.0,26055.0,1,,
5715.0,40236.0,1,,
1293.0,7251.0,1,,
8467.0,15956.0,1,,
1268.0,19851.0,1,,
622.0,668.0,1,,
3983.0,13023.0,1,,
80.0,8747.0,1,,
13025.0,41659.0,1,,
1382.0,8118.0,1,,
483.0,8753.0,1,,
3231.0,3223.0,1,,
1332.0,12047.0,1,,
11545.0,8763.0,1,,
13238.0,5668.0,1,,
19273.0,30916.0,1,,
16682.0,61789.0,1,,
25710.0,2251.0,1,,
11217.0,21121.0,1,,
23609.0,78332.0,1,,
14221.0,34929.0,1,,
4746.0,33479.0,1,,
2451.0,9821.0,1,,
6192.0,20445.0,1,,
11973.0,27026.0,1,,
32331.0,29952.0,1,,
680.0,14242.0,1,,
636.0,67690.0,1,,
26173.0,11818.0,1,,
14975.0,26344.0,1,,
1653.0,27027.0,1,,
11398.0,78168.0,1,,
354.0,31798.0,1,,
623.0,70151.0,1,,
3217.0,2751.0,1,,
9738.0,55160.0,1,,
22898.0,67962.0,1,,
4413.0,24520.0,1,,
112.0,31866.0,1,,
1323.0,37530.0,1,,
1204.0,4391.0,1,,
16752.0,35980.0,1,,
4098.0,41182.0,1,,
5144.0,12793.0,1,,
11663.0,36947.0,1,,
16005.0,32181.0,1,,
69684.0,69687.0,1,,
11915.0,62863.0,1,,
2906.0,47228.0,1,,
11000.0,2767.0,1,,
2719.0,16505.0,1,,
13097.0,28085.0,1,,
1264.0,6311.0,1,,
21382.0,5508.0,1,,
1964.0,29978.0,1,,
2393.0,18497.0,1,,
1404.0,38908.0,1,,
3217.0,345.0,1,,
42747.0,45175.0,1,,
4733.0,2490.0,1,,
2609.0,6082.0,1,,
2101.0,14055.0,1,,
12910.0,8858.0,1,,
1930.0,19733.0,1,,
2536.0,62964.0,1,,
2889.0,8190.0,1,,
6398.0,3189.0,1,,
29224.0,34369.0,1,,
3149.0,18242.0,1,,
17116.0,59551.0,1,,
21962.0,48118.0,1,,
1726.0,9414.0,1,,
8938.0,28096.0,1,,
717.0,4512.0,1,,
8352.0,54132.0,1,,
8329.0,38004.0,1,,
1611.0,42381.0,1,,
8064.0,4182.0,1,,
1485.0,1764.0,1,,
4464.0,28374.0,1,,
13212.0,78566.0,1,,
1293.0,35313.0,1,,
15848.0,61352.0,1,,
16725.0,17512.0,1,,
3160.0,11985.0,1,,
976.0,11527.0,1,,
12346.0,20926.0,1,,
7943.0,2008.0,1,,
15115.0,14031.0,1,,
15500.0,7001.0,1,,
47843.0,40368.0,1,,
551.0,2893.0,1,,
2806.0,46692.0,1,,
17690.0,47944.0,1,,
290.0,4609.0,1,,
619.0,14044.0,1,,
14694.0,2300.0,1,,
17594.0,3943.0,1,,
6340.0,8193.0,1,,
7002.0,43575.0,1,,
4252.0,4267.0,1,,
1934.0,14682.0,1,,
6663.0,24637.0,1,,
10463.0,11972.0,1,,
658.0,8205.0,1,,
7153.0,72119.0,1,,
5209.0,10589.0,1,,
9994.0,3517.0,1,,
2528.0,12557.0,1,,
748.0,18577.0,1,,
452.0,64972.0,1,,
9407.0,11744.0,1,,
13499.0,18065.0,1,,
5676.0,15714.0,1,,
25757.0,51646.0,1,,
1143.0,175.0,1,,
6816.0,12336.0,1,,
1249.0,66914.0,1,,
31.0,4084.0,1,,
3160.0,18005.0,1,,
2562.0,7888.0,1,,
41.0,54509.0,1,,
15219.0,14708.0,1,,
13508.0,78632.0,1,,
10339.0,5308.0,1,,
10256.0,57506.0,1,,
1011.0,1115.0,1,,
2879.0,2110.0,1,,
81247.0,81248.0,1,,
3076.0,8587.0,1,,
4271.0,75573.0,1,,
9352.0,4644.0,1,,
4873.0,27198.0,1,,
7778.0,48210.0,1,,
16156.0,8275.0,1,,
32013.0,11842.0,1,,
2568.0,7520.0,1,,
7851.0,2354.0,1,,
9874.0,34001.0,1,,
9285.0,8320.0,1,,
2166.0,351.0,1,,
8392.0,5566.0,1,,
563.0,2490.0,1,,
13499.0,3061.0,1,,
18459.0,14986.0,1,,
33641.0,68671.0,1,,
31.0,39649.0,1,,
2121.0,5284.0,1,,
2033.0,41870.0,1,,
1493.0,41284.0,1,,
501.0,14688.0,1,,
191.0,32928.0,1,,
8928.0,44192.0,1,,
1348.0,53092.0,1,,
33077.0,5894.0,1,,
3534.0,13019.0,1,,
7796.0,77144.0,1,,
9080.0,9131.0,1,,
19591.0,44616.0,1,,
2525.0,12604.0,1,,
3882.0,2163.0,1,,
45502.0,8664.0,1,,
3005.0,5281.0,1,,
973.0,27499.0,1,,
5901.0,11816.0,1,,
5256.0,14447.0,1,,
6942.0,11936.0,1,,
8738.0,2798.0,1,,
22301.0,27824.0,1,,
75413.0,75414.0,1,,
1498.0,3160.0,1,,
1879.0,11826.0,1,,
182.0,2343.0,1,,
1223.0,27515.0,1,,
5638.0,50720.0,1,,
937.0,11044.0,1,,
8440.0,71715.0,1,,
19039.0,9220.0,1,,
1396.0,9978.0,1,,
3646.0,14573.0,1,,
31.0,7839.0,1,,
3066.0,21805.0,1,,
8136.0,53743.0,1,,
8364.0,64814.0,1,,
2954.0,2951.0,1,,
10217.0,74308.0,1,,
747.0,17141.0,1,,
47.0,22743.0,1,,
18673.0,37316.0,1,,
979.0,10029.0,1,,
22473.0,2071.0,1,,
8575.0,5990.0,1,,
277.0,23164.0,1,,
5464.0,37010.0,1,,
3066.0,28166.0,1,,
80.0,18577.0,1,,
957.0,7898.0,1,,
18888.0,3614.0,1,,
1832.0,4299.0,1,,
17998.0,27371.0,1,,
2867.0,2724.0,1,,
1922.0,1923.0,1,,
15666.0,15643.0,1,,
67.0,1028.0,1,,
1537.0,11569.0,1,,
3455.0,75032.0,1,,
927.0,29608.0,1,,
1180.0,5696.0,1,,
2273.0,4429.0,1,,
579.0,19959.0,1,,
1150.0,23959.0,1,,
2144.0,6270.0,1,,
5214.0,8087.0,1,,
41.0,43196.0,1,,
662.0,33081.0,1,,
2872.0,6788.0,1,,
26335.0,1852.0,1,,
9427.0,7988.0,1,,
4946.0,24591.0,1,,
2059.0,54534.0,1,,
14749.0,3244.0,1,,
4671.0,75757.0,1,,
31.0,19567.0,1,,
2303.0,19401.0,1,,
1418.0,7604.0,1,,
1126.0,1439.0,1,,
5310.0,43418.0,1,,
8.0,865.0,1,,
12823.0,75083.0,1,,
11155.0,24591.0,1,,
1799.0,16111.0,1,,
3943.0,4127.0,1,,
1482.0,21361.0,1,,
3927.0,48442.0,1,,
18519.0,62726.0,1,,
31.0,12217.0,1,,
115.0,67069.0,1,,
79.0,33757.0,1,,
11259.0,40722.0,1,,
1322.0,549.0,1,,
64329.0,79723.0,1,,
31759.0,19658.0,1,,
83.0,2168.0,1,,
7561.0,48948.0,1,,
15908.0,42847.0,1,,
3287.0,5356.0,1,,
3684.0,25338.0,1,,
11752.0,2176.0,1,,
1342.0,1650.0,1,,
4709.0,23336.0,1,,
277.0,31469.0,1,,
1441.0,49557.0,1,,
437.0,20328.0,1,,
620.0,2811.0,1,,
1990.0,69516.0,1,,
17.0,1000.0,1,,
87.0,2587.0,1,,
1052.0,22759.0,1,,
10743.0,11818.0,1,,
28691.0,14716.0,1,,
29165.0,14795.0,1,,
3137.0,39804.0,1,,
9264.0,1752.0,1,,
55.0,13553.0,1,,
18657.0,30179.0,1,,
17415.0,13410.0,1,,
827.0,2522.0,1,,
1001.0,38929.0,1,,
3704.0,6300.0,1,,
2943.0,7958.0,1,,
3611.0,39804.0,1,,
172.0,18493.0,1,,
13615.0,8755.0,1,,
11973.0,64711.0,1,,
907.0,5359.0,1,,
1693.0,2804.0,1,,
9389.0,19029.0,1,,
9855.0,8637.0,1,,
3264.0,63026.0,1,,
4092.0,22133.0,1,,
24768.0,6185.0,1,,
1710.0,7641.0,1,,
1763.0,7586.0,1,,
10595.0,11490.0,1,,
7591.0,13990.0,1,,
4826.0,15259.0,1,,
38699.0,3631.0,1,,
4055.0,4332.0,1,,
25235.0,28778.0,1,,
26096.0,11715.0,1,,
2315.0,67656.0,1,,
6568.0,12941.0,1,,
1188.0,5654.0,1,,
191.0,35902.0,1,,
9193.0,8859.0,1,,
1239.0,17175.0,1,,
3887.0,3014.0,1,,
703.0,6395.0,1,,
832.0,1088.0,1,,
1558.0,29001.0,1,,
908.0,9895.0,1,,
16042.0,16041.0,1,,
1060.0,2230.0,1,,
2523.0,3019.0,1,,
11480.0,2010.0,1,,
699.0,17521.0,1,,
30998.0,30996.0,1,,
15395.0,8317.0,1,,
50460.0,27413.0,1,,
9354.0,18744.0,1,,
957.0,17809.0,1,,
172.0,3563.0,1,,
2593.0,1843.0,1,,
10473.0,28455.0,1,,
3360.0,3724.0,1,,
2811.0,15938.0,1,,
13009.0,26163.0,1,,
2108.0,73750.0,1,,
33245.0,49660.0,1,,
29436.0,6561.0,1,,
1052.0,30589.0,1,,
2250.0,22634.0,1,,
10172.0,10253.0,1,,
16111.0,25794.0,1,,
1779.0,18379.0,1,,
3245.0,3255.0,1,,
1200.0,40094.0,1,,
1582.0,72975.0,1,,
8397.0,6297.0,1,,
5078.0,39870.0,1,,
12517.0,36933.0,1,,
76.0,40078.0,1,,
893.0,4207.0,1,,
4014.0,26102.0,1,,
14886.0,61203.0,1,,
739.0,32295.0,1,,
8043.0,28152.0,1,,
7304.0,12929.0,1,,
789.0,16413.0,1,,
5260.0,18163.0,1,,
6811.0,6887.0,1,,
10418.0,21382.0,1,,
19143.0,37413.0,1,,
1763.0,34403.0,1,,
1125.0,13907.0,1,,
5209.0,22681.0,1,,
4491.0,15267.0,1,,
5059.0,2894.0,1,,
30036.0,30935.0,1,,
72631.0,72633.0,1,,
1398.0,4917.0,1,,
88.0,26941.0,1,,
8.0,25034.0,1,,
2524.0,12471.0,1,,
2927.0,3379.0,1,,
2942.0,2954.0,1,,
5386.0,2095.0,1,,
3933.0,6061.0,1,,
629.0,46747.0,1,,
6174.0,51321.0,1,,
1198.0,4386.0,1,,
11610.0,10069.0,1,,
997.0,4386.0,1,,
8518.0,14148.0,1,,
629.0,2888.0,1,,
1501.0,1857.0,1,,
7200.0,7537.0,1,,
96.0,66774.0,1,,
1650.0,18754.0,1,,
71061.0,82043.0,1,,
47.0,15878.0,1,,
103.0,23379.0,1,,
128.0,27589.0,1,,
103.0,1397.0,1,,
36785.0,5929.0,1,,
8330.0,53981.0,1,,
27454.0,15218.0,1,,
30.0,9183.0,1,,
1393.0,3627.0,1,,
17686.0,48788.0,1,,
5871.0,27026.0,1,,
1203.0,2506.0,1,,
1832.0,22114.0,1,,
39397.0,33225.0,1,,
69918.0,80737.0,1,,
7307.0,27010.0,1,,
34666.0,42098.0,1,,
41.0,55317.0,1,,
9523.0,27763.0,1,,
6598.0,9281.0,1,,
32258.0,19824.0,1,,
11426.0,4337.0,1,,
3611.0,75130.0,1,,
16737.0,29563.0,1,,
25324.0,41126.0,1,,
3749.0,10157.0,1,,
7961.0,20457.0,1,,
26114.0,26112.0,1,,
411.0,26890.0,1,,
3316.0,64550.0,1,,
12959.0,12962.0,1,,
30797.0,30795.0,1,,
5853.0,28686.0,1,,
2894.0,16724.0,1,,
639.0,2043.0,1,,
8508.0,1870.0,1,,
2490.0,8914.0,1,,
1589.0,7745.0,1,,
1847.0,15228.0,1,,
14.0,59.0,1,,
27273.0,27278.0,1,,
949.0,67194.0,1,,
828.0,35021.0,1,,
6683.0,3555.0,1,,
3907.0,4305.0,1,,
5390.0,25877.0,1,,
18497.0,13695.0,1,,
86.0,37887.0,1,,
49736.0,54398.0,1,,
11020.0,7726.0,1,,
3525.0,6182.0,1,,
34398.0,33239.0,1,,
13632.0,21560.0,1,,
11739.0,58918.0,1,,
8480.0,7008.0,1,,
3943.0,12971.0,1,,
41.0,54921.0,1,,
636.0,18820.0,1,,
10794.0,29378.0,1,,
4117.0,5099.0,1,,
12823.0,73208.0,1,,
1146.0,1847.0,1,,
11469.0,17126.0,1,,
1293.0,44956.0,1,,
168.0,11044.0,1,,
80.0,11578.0,1,,
8448.0,32740.0,1,,
566.0,36820.0,1,,
17822.0,9622.0,1,,
75868.0,82093.0,1,,
1764.0,6307.0,1,,
36618.0,78795.0,1,,
651.0,529.0,1,,
3807.0,73613.0,1,,
4387.0,32003.0,1,,
12808.0,17223.0,1,,
11.0,1026.0,1,,
43616.0,71367.0,1,,
1856.0,25508.0,1,,
6105.0,2300.0,1,,
5072.0,76054.0,1,,
13096.0,30961.0,1,,
4773.0,47532.0,1,,
2451.0,10468.0,1,,
31246.0,5805.0,1,,
660.0,56453.0,1,,
1251.0,3487.0,1,,
1404.0,45151.0,1,,
10504.0,55852.0,1,,
8945.0,34303.0,1,,
5079.0,22616.0,1,,
31872.0,20686.0,1,,
191.0,5239.0,1,,
100.0,26648.0,1,,
15902.0,23267.0,1,,
400.0,4061.0,1,,
17395.0,11476.0,1,,
11080.0,16191.0,1,,
3591.0,10581.0,1,,
8612.0,47482.0,1,,
6354.0,51365.0,1,,
4218.0,16393.0,1,,
2023.0,57305.0,1,,
38793.0,25894.0,1,,
29006.0,42079.0,1,,
890.0,12497.0,1,,
14333.0,26114.0,1,,
3884.0,6676.0,1,,
1544.0,31506.0,1,,
76.0,5052.0,1,,
5228.0,12994.0,1,,
1032.0,8220.0,1,,
9622.0,11896.0,1,,
20240.0,73687.0,1,,
636.0,21958.0,1,,
8250.0,20525.0,1,,
11272.0,6948.0,1,,
79.0,26663.0,1,,
1105.0,65872.0,1,,
14716.0,9422.0,1,,
41.0,12904.0,1,,
245.0,13526.0,1,,
7957.0,13728.0,1,,
1391.0,7169.0,1,,
2415.0,20313.0,1,,
8859.0,6308.0,1,,
22710.0,59617.0,1,,
9193.0,9251.0,1,,
1332.0,22002.0,1,,
1063.0,1136.0,1,,
4976.0,51746.0,1,,
2866.0,10038.0,1,,
47.0,22874.0,1,,
949.0,18844.0,1,,
9973.0,56604.0,1,,
2208.0,13220.0,1,,
13801.0,30100.0,1,,
12800.0,13405.0,1,,
2784.0,6883.0,1,,
748.0,2799.0,1,,
1913.0,3907.0,1,,
949.0,2932.0,1,,
1952.0,18817.0,1,,
8052.0,7182.0,1,,
2892.0,46874.0,1,,
3135.0,15863.0,1,,
922.0,25656.0,1,,
42910.0,73258.0,1,,
770.0,1350.0,1,,
6637.0,75340.0,1,,
3694.0,48211.0,1,,
10998.0,3160.0,1,,
5971.0,5847.0,1,,
8628.0,58749.0,1,,
15710.0,15704.0,1,,
1371.0,9277.0,1,,
1146.0,9989.0,1,,
142.0,9080.0,1,,
41935.0,55823.0,1,,
245.0,30220.0,1,,
46467.0,62683.0,1,,
7721.0,46269.0,1,,
20982.0,79622.0,1,,
29772.0,68108.0,1,,
1060.0,2557.0,1,,
5629.0,3455.0,1,,
6276.0,25008.0,1,,
45419.0,75442.0,1,,
36157.0,1751.0,1,,
9375.0,21299.0,1,,
1429.0,5564.0,1,,
11324.0,20472.0,1,,
1515.0,29985.0,1,,
5938.0,8733.0,1,,
5901.0,5678.0,1,,
3072.0,74774.0,1,,
1832.0,7437.0,1,,
28675.0,2396.0,1,,
748.0,34342.0,1,,
21547.0,43204.0,1,,
4096.0,1513.0,1,,
1332.0,16771.0,1,,
629.0,4956.0,1,,
10338.0,5573.0,1,,
847.0,8909.0,1,,
1582.0,2489.0,1,,
1060.0,17282.0,1,,
14471.0,33211.0,1,,
1701.0,40687.0,1,,
655.0,80.0,1,,
6147.0,16209.0,1,,
19569.0,8136.0,1,,
6661.0,18057.0,1,,
6389.0,28330.0,1,,
5029.0,49777.0,1,,
748.0,11712.0,1,,
1226.0,3373.0,1,,
42260.0,12694.0,1,,
846.0,7602.0,1,,
16592.0,8825.0,1,,
4066.0,6469.0,1,,
1075.0,25021.0,1,,
53971.0,77288.0,1,,
24731.0,67046.0,1,,
873.0,10460.0,1,,
1505.0,42017.0,1,,
2659.0,7951.0,1,,
6990.0,17890.0,1,,
1217.0,1810.0,1,,
9833.0,16826.0,1,,
10912.0,10886.0,1,,
2452.0,27237.0,1,,
1060.0,2492.0,1,,
32024.0,14825.0,1,,
6882.0,14173.0,1,,
17306.0,13121.0,1,,
1105.0,5943.0,1,,
24465.0,13660.0,1,,
8895.0,4425.0,1,,
75867.0,81448.0,1,,
1344.0,7163.0,1,,
1174.0,36138.0,1,,
149.0,22526.0,1,,
76.0,21933.0,1,,
1441.0,21623.0,1,,
11710.0,481.0,1,,
347.0,3955.0,1,,
22719.0,50460.0,1,,
30872.0,53736.0,1,,
17822.0,28487.0,1,,
415.0,9204.0,1,,
20224.0,60996.0,1,,
15987.0,17027.0,1,,
3657.0,1946.0,1,,
29441.0,70284.0,1,,
52339.0,73123.0,1,,
1153.0,1252.0,1,,
5640.0,9383.0,1,,
18668.0,34248.0,1,,
4664.0,4672.0,1,,
11645.0,67580.0,1,,
8627.0,56071.0,1,,
1054.0,18686.0,1,,
2400.0,70186.0,1,,
14596.0,65592.0,1,,
4199.0,3721.0,1,,
3197.0,28768.0,1,,
30467.0,51371.0,1,,
6135.0,16704.0,1,,
6874.0,42782.0,1,,
53829.0,81182.0,1,,
51740.0,76706.0,1,,
24397.0,60670.0,1,,
940.0,15284.0,1,,
25981.0,22055.0,1,,
51144.0,40991.0,1,,
47.0,3696.0,1,,
2714.0,2829.0,1,,
17583.0,42435.0,1,,
1093.0,9411.0,1,,
17748.0,58414.0,1,,
908.0,9897.0,1,,
3584.0,2232.0,1,,
2719.0,26050.0,1,,
699.0,3297.0,1,,
42553.0,73053.0,1,,
11382.0,41268.0,1,,
3777.0,8075.0,1,,
3970.0,4524.0,1,,
80.0,50068.0,1,,
4986.0,17366.0,1,,
2127.0,43486.0,1,,
3661.0,73849.0,1,,
478.0,2782.0,1,,
8348.0,3735.0,1,,
3386.0,4579.0,1,,
7731.0,5168.0,1,,
21444.0,22081.0,1,,
31307.0,5103.0,1,,
13147.0,25252.0,1,,
8249.0,41536.0,1,,
1120.0,2514.0,1,,
17384.0,59300.0,1,,
1721.0,6701.0,1,,
6662.0,67955.0,1,,
4773.0,11619.0,1,,
1465.0,2578.0,1,,
3489.0,19983.0,1,,
62148.0,62150.0,1,,
4312.0,20785.0,1,,
3684.0,12860.0,1,,
19946.0,19948.0,1,,
2812.0,1667.0,1,,
19349.0,49707.0,1,,
8077.0,53698.0,1,,
6253.0,22122.0,1,,
30197.0,40523.0,1,,
2049.0,18256.0,1,,
5588.0,7069.0,1,,
16425.0,12527.0,1,,
75511.0,75512.0,1,,
661.0,9224.0,1,,
661.0,7768.0,1,,
2782.0,19141.0,1,,
862.0,2537.0,1,,
1487.0,1832.0,1,,
1313.0,38731.0,1,,
14137.0,4715.0,1,,
1.0,4.0,1,,
6265.0,2377.0,1,,
4136.0,3709.0,1,,
134.0,54258.0,1,,
7379.0,9285.0,1,,
58.0,25624.0,1,,
28636.0,9371.0,1,,
11136.0,32498.0,1,,
5189.0,7859.0,1,,
2580.0,36091.0,1,,
39418.0,41580.0,1,,
3782.0,15714.0,1,,
9855.0,9878.0,1,,
18979.0,17528.0,1,,
25990.0,29149.0,1,,
686.0,3177.0,1,,
57792.0,77995.0,1,,
282.0,30609.0,1,,
871.0,32959.0,1,,
11625.0,57411.0,1,,
1710.0,22952.0,1,,
2817.0,30220.0,1,,
9497.0,7051.0,1,,
4234.0,13232.0,1,,
542.0,3768.0,1,,
9491.0,35975.0,1,,
13519.0,14890.0,1,,
7685.0,14442.0,1,,
17.0,1111.0,1,,
4549.0,22815.0,1,,
2280.0,14881.0,1,,
1055.0,32066.0,1,,
16359.0,56241.0,1,,
895.0,5267.0,1,,
16290.0,69647.0,1,,
997.0,1915.0,1,,
1879.0,15824.0,1,,
26073.0,33499.0,1,,
572.0,6377.0,1,,
18888.0,20266.0,1,,
17.0,13860.0,1,,
76.0,2542.0,1,,
3014.0,12430.0,1,,
9976.0,26906.0,1,,
6872.0,34001.0,1,,
2920.0,4719.0,1,,
83.0,23134.0,1,,
2891.0,7561.0,1,,
70452.0,70454.0,1,,
2514.0,2049.0,1,,
847.0,7631.0,1,,
3480.0,75048.0,1,,
6574.0,20004.0,1,,
1285.0,5165.0,1,,
11217.0,2545.0,1,,
3014.0,13961.0,1,,
2799.0,8556.0,1,,
4307.0,6376.0,1,,
4957.0,1513.0,1,,
4976.0,4321.0,1,,
1479.0,19539.0,1,,
12484.0,10889.0,1,,
6469.0,69233.0,1,,
1365.0,40810.0,1,,
8972.0,14811.0,1,,
3720.0,4868.0,1,,
530.0,32197.0,1,,
8904.0,8906.0,1,,
21506.0,64024.0,1,,
1268.0,26237.0,1,,
6478.0,33203.0,1,,
738.0,20765.0,1,,
38643.0,35886.0,1,,
1500.0,29741.0,1,,
7450.0,69131.0,1,,
29110.0,55749.0,1,,
18061.0,16490.0,1,,
3904.0,3855.0,1,,
425.0,7611.0,1,,
14055.0,72204.0,1,,
4782.0,54689.0,1,,
42817.0,45125.0,1,,
9004.0,337.0,1,,
2108.0,17311.0,1,,
1155.0,40050.0,1,,
18752.0,28989.0,1,,
266.0,31814.0,1,,
5218.0,39743.0,1,,
27031.0,18775.0,1,,
2120.0,21485.0,1,,
3129.0,24893.0,1,,
21655.0,6600.0,1,,
1755.0,10060.0,1,,
5831.0,12008.0,1,,
11333.0,17316.0,1,,
20868.0,63839.0,1,,
6478.0,24768.0,1,,
8930.0,11631.0,1,,
5526.0,2951.0,1,,
1377.0,23028.0,1,,
8686.0,27547.0,1,,
47.0,16740.0,1,,
2326.0,70470.0,1,,
4514.0,37073.0,1,,
21052.0,21056.0,1,,
450.0,14931.0,1,,
1403.0,4698.0,1,,
9422.0,52168.0,1,,
3858.0,48374.0,1,,
3611.0,11490.0,1,,
125.0,928.0,1,,
660.0,16228.0,1,,
1120.0,6108.0,1,,
1233.0,2020.0,1,,
636.0,19111.0,1,,
12849.0,12499.0,1,,
1052.0,545.0,1,,
8332.0,9816.0,1,,
3850.0,39039.0,1,,
12721.0,15187.0,1,,
1138.0,72206.0,1,,
770.0,28381.0,1,,
1148.0,11030.0,1,,
14069.0,15889.0,1,,
5010.0,44428.0,1,,
4779.0,42442.0,1,,
802.0,831.0,1,,
2994.0,29731.0,1,,
10987.0,7561.0,1,,
1120.0,26048.0,1,,
41182.0,35431.0,1,,
7565.0,12818.0,1,,
9492.0,15405.0,1,,
4966.0,16111.0,1,,
8227.0,53899.0,1,,
47457.0,57322.0,1,,
9695.0,61787.0,1,,
31.0,19936.0,1,,
1220.0,5400.0,1,,
197.0,30272.0,1,,
855.0,13971.0,1,,
1313.0,2631.0,1,,
36142.0,10018.0,1,,
14007.0,11924.0,1,,
3030.0,25169.0,1,,
70.0,2491.0,1,,
36812.0,26999.0,1,,
3806.0,21523.0,1,,
841.0,37959.0,1,,
815.0,5720.0,1,,
501.0,35609.0,1,,
197.0,8843.0,1,,
27120.0,9119.0,1,,
330.0,31492.0,1,,
678.0,9376.0,1,,
1093.0,14671.0,1,,
8686.0,5360.0,1,,
18731.0,4271.0,1,,
24755.0,24765.0,1,,
7088.0,14082.0,1,,
19723.0,21844.0,1,,
4374.0,6635.0,1,,
14629.0,4716.0,1,,
23252.0,7768.0,1,,
27476.0,57132.0,1,,
2989.0,15849.0,1,,
5386.0,12443.0,1,,
19474.0,3014.0,1,,
3924.0,4034.0,1,,
4919.0,16498.0,1,,
927.0,5597.0,1,,
3438.0,30908.0,1,,
2108.0,45387.0,1,,
6542.0,6496.0,1,,
881.0,15320.0,1,,
351.0,24431.0,1,,
47.0,8482.0,1,,
923.0,3030.0,1,,
7440.0,42747.0,1,,
3850.0,36861.0,1,,
1125.0,14934.0,1,,
195.0,2230.0,1,,
14683.0,48602.0,1,,
33.0,55841.0,1,,
3852.0,75307.0,1,,
2915.0,62863.0,1,,
2621.0,29463.0,1,,
1991.0,6874.0,1,,
12101.0,18116.0,1,,
29227.0,25998.0,1,,
660.0,4037.0,1,,
1447.0,1919.0,1,,
3217.0,63310.0,1,,
8229.0,25669.0,1,,
9849.0,26344.0,1,,
2775.0,11319.0,1,,
6883.0,34153.0,1,,
583.0,33863.0,1,,
32779.0,72531.0,1,,
8328.0,48068.0,1,,
497.0,50565.0,1,,
1392.0,3678.0,1,,
650.0,6237.0,1,,
98.0,60.0,1,,
2700.0,46540.0,1,,
5971.0,28916.0,1,,
1227.0,58072.0,1,,
21614.0,35161.0,1,,
14508.0,41884.0,1,,
12703.0,4605.0,1,,
9748.0,29309.0,1,,
5150.0,2329.0,1,,
4067.0,29358.0,1,,
1344.0,1381.0,1,,
47.0,71.0,1,,
1069.0,1148.0,1,,
28249.0,48170.0,1,,
80.0,54953.0,1,,
1737.0,24952.0,1,,
1268.0,29644.0,1,,
7575.0,53191.0,1,,
80.0,66500.0,1,,
1706.0,5943.0,1,,
1105.0,10473.0,1,,
11020.0,41055.0,1,,
737.0,22289.0,1,,
12298.0,50037.0,1,,
70.0,2581.0,1,,
3347.0,24586.0,1,,
38296.0,6630.0,1,,
26521.0,2168.0,1,,
1051.0,34892.0,1,,
1654.0,3585.0,1,,
343.0,14744.0,1,,
699.0,2849.0,1,,
4388.0,7843.0,1,,
760.0,21848.0,1,,
3217.0,12711.0,1,,
912.0,8928.0,1,,
92.0,1120.0,1,,
4792.0,17657.0,1,,
6683.0,8405.0,1,,
1268.0,15525.0,1,,
11577.0,43360.0,1,,
1049.0,1139.0,1,,
40777.0,69065.0,1,,
18784.0,30198.0,1,,
5233.0,37411.0,1,,
1494.0,19192.0,1,,
3345.0,25351.0,1,,
36429.0,50758.0,1,,
3785.0,33790.0,1,,
2927.0,3894.0,1,,
8943.0,22831.0,1,,
8367.0,14875.0,1,,
1070.0,1293.0,1,,
3397.0,6883.0,1,,
641.0,1468.0,1,,
13871.0,60528.0,1,,
2366.0,16761.0,1,,
4915.0,2994.0,1,,
933.0,34269.0,1,,
8076.0,30670.0,1,,
5323.0,47846.0,1,,
21922.0,64365.0,1,,
88.0,1877.0,1,,
3782.0,3790.0,1,,
5446.0,38001.0,1,,
4803.0,19245.0,1,,
10164.0,19238.0,1,,
20421.0,8486.0,1,,
34407.0,27425.0,1,,
8109.0,20986.0,1,,
17129.0,16149.0,1,,
1919.0,18285.0,1,,
10804.0,57894.0,1,,
38769.0,49197.0,1,,
1953.0,41138.0,1,,
1879.0,69046.0,1,,
66109.0,66110.0,1,,
5290.0,27360.0,1,,
9650.0,54812.0,1,,
6398.0,15891.0,1,,
621.0,25565.0,1,,
1406.0,15951.0,1,,
33.0,55223.0,1,,
911.0,8032.0,1,,
48574.0,69199.0,1,,
813.0,4778.0,1,,
6908.0,26972.0,1,,
6826.0,5532.0,1,,
62.0,40754.0,1,,
4067.0,3550.0,1,,
11330.0,57874.0,1,,
33955.0,35117.0,1,,
7984.0,21216.0,1,,
6215.0,18494.0,1,,
22721.0,29622.0,1,,
9470.0,9477.0,1,,
9102.0,29165.0,1,,
5230.0,22572.0,1,,
9811.0,2397.0,1,,
4864.0,75914.0,1,,
17027.0,61960.0,1,,
37.0,36229.0,1,,
5809.0,5405.0,1,,
483.0,5077.0,1,,
1153.0,1439.0,1,,
1832.0,23401.0,1,,
7.0,787.0,1,,
1544.0,7996.0,1,,
989.0,4571.0,1,,
5182.0,27329.0,1,,
17957.0,19547.0,1,,
1268.0,8803.0,1,,
10902.0,10886.0,1,,
1072.0,5111.0,1,,
3544.0,57026.0,1,,
7946.0,64644.0,1,,
3932.0,8171.0,1,,
4838.0,17273.0,1,,
33593.0,51271.0,1,,
8872.0,8906.0,1,,
52.0,4034.0,1,,
12964.0,23777.0,1,,
4248.0,54667.0,1,,
830.0,13769.0,1,,
18429.0,18426.0,1,,
3100.0,17544.0,1,,
6806.0,1946.0,1,,
379.0,1780.0,1,,
2477.0,55409.0,1,,
36002.0,68020.0,1,,
1634.0,3130.0,1,,
770.0,23518.0,1,,
86.0,66036.0,1,,
2943.0,18598.0,1,,
17028.0,1595.0,1,,
1771.0,30156.0,1,,
27166.0,27171.0,1,,
6258.0,66761.0,1,,
1447.0,1872.0,1,,
2364.0,32995.0,1,,
22721.0,43514.0,1,,
26355.0,4333.0,1,,
21681.0,6309.0,1,,
10200.0,10028.0,1,,
5161.0,1617.0,1,,
5146.0,5154.0,1,,
15221.0,17509.0,1,,
7813.0,10362.0,1,,
2849.0,8815.0,1,,
3569.0,75111.0,1,,
62.0,12545.0,1,,
15809.0,43421.0,1,,
1120.0,2538.0,1,,
450.0,38454.0,1,,
1879.0,15719.0,1,,
1731.0,3594.0,1,,
2803.0,40590.0,1,,
3894.0,14959.0,1,,
30.0,10886.0,1,,
2033.0,19218.0,1,,
13513.0,60420.0,1,,
311.0,24986.0,1,,
5442.0,14424.0,1,,
4178.0,64333.0,1,,
1224.0,2511.0,1,,
1438.0,10784.0,1,,
2452.0,74206.0,1,,
2806.0,11985.0,1,,
9870.0,14283.0,1,,
7687.0,76456.0,1,,
8701.0,34098.0,1,,
2579.0,38927.0,1,,
47.0,10041.0,1,,
19445.0,27641.0,1,,
12834.0,6469.0,1,,
2469.0,52114.0,1,,
657.0,5380.0,1,,
9978.0,46155.0,1,,
1087.0,2515.0,1,,
730.0,10013.0,1,,
698.0,7968.0,1,,
7191.0,36591.0,1,,
79.0,6216.0,1,,
10649.0,13971.0,1,,
18981.0,26050.0,1,,
2633.0,47016.0,1,,
4382.0,6737.0,1,,
737.0,46429.0,1,,
13916.0,78696.0,1,,
1006.0,34239.0,1,,
6237.0,51317.0,1,,
24345.0,78619.0,1,,
3824.0,6230.0,1,,
1287.0,1439.0,1,,
1631.0,5573.0,1,,
8766.0,4025.0,1,,
180.0,18657.0,1,,
5260.0,13272.0,1,,
8490.0,15894.0,1,,
1323.0,15205.0,1,,
54.0,9998.0,1,,
17398.0,76877.0,1,,
14499.0,19353.0,1,,
17528.0,56747.0,1,,
18614.0,19825.0,1,,
80.0,2782.0,1,,
7869.0,50793.0,1,,
3531.0,7229.0,1,,
27141.0,16037.0,1,,
1485.0,6046.0,1,,
8265.0,53932.0,1,,
11177.0,50539.0,1,,
1199.0,7651.0,1,,
4583.0,2945.0,1,,
2551.0,74299.0,1,,
16313.0,11715.0,1,,
40342.0,41412.0,1,,
8109.0,15095.0,1,,
998.0,2930.0,1,,
3000.0,4448.0,1,,
356.0,59446.0,1,,
12392.0,64824.0,1,,
995.0,19472.0,1,,
39698.0,71844.0,1,,
1958.0,11933.0,1,,
43596.0,71408.0,1,,
19775.0,15891.0,1,,
2921.0,26790.0,1,,
52.0,426.0,1,,
73630.0,73631.0,1,,
928.0,5316.0,1,,
1792.0,40348.0,1,,
29229.0,17081.0,1,,
17258.0,15558.0,1,,
14095.0,18036.0,1,,
22921.0,64792.0,1,,
1321.0,24269.0,1,,
5567.0,16359.0,1,,
12295.0,17631.0,1,,
1448.0,29056.0,1,,
13825.0,12585.0,1,,
20260.0,23152.0,1,,
58.0,23186.0,1,,
80.0,7953.0,1,,
4738.0,49304.0,1,,
14769.0,39849.0,1,,
40743.0,79543.0,1,,
15821.0,55624.0,1,,
1332.0,21444.0,1,,
6771.0,5276.0,1,,
7503.0,53048.0,1,,
36138.0,26967.0,1,,
515.0,16535.0,1,,
7701.0,47859.0,1,,
10777.0,4759.0,1,,
11365.0,6301.0,1,,
60544.0,36719.0,1,,
8501.0,7202.0,1,,
1392.0,2061.0,1,,
2927.0,1703.0,1,,
2280.0,35406.0,1,,
4793.0,15751.0,1,,
40109.0,46411.0,1,,
47.0,5942.0,1,,
1120.0,5321.0,1,,
43334.0,69387.0,1,,
1183.0,43797.0,1,,
1498.0,31539.0,1,,
1389.0,16966.0,1,,
1060.0,4956.0,1,,
1418.0,22640.0,1,,
2551.0,2561.0,1,,
44827.0,24731.0,1,,
1146.0,39802.0,1,,
24682.0,32741.0,1,,
1226.0,4956.0,1,,
42566.0,73054.0,1,,
6826.0,7418.0,1,,
80.0,5242.0,1,,
1052.0,17256.0,1,,
11203.0,16011.0,1,,
5096.0,21452.0,1,,
3974.0,6107.0,1,,
2547.0,5457.0,1,,
3978.0,21521.0,1,,
1958.0,1703.0,1,,
56230.0,58270.0,1,,
528.0,4195.0,1,,
23062.0,18040.0,1,,
12465.0,7441.0,1,,
7580.0,6162.0,1,,
4966.0,21518.0,1,,
9470.0,3307.0,1,,
1105.0,5094.0,1,,
4616.0,6418.0,1,,
2587.0,2571.0,1,,
4139.0,5565.0,1,,
5150.0,4507.0,1,,
196.0,49999.0,1,,
14444.0,14424.0,1,,
1169.0,2951.0,1,,
4056.0,47103.0,1,,
4437.0,9714.0,1,,
1685.0,20761.0,1,,
5556.0,46753.0,1,,
31564.0,3813.0,1,,
29106.0,21382.0,1,,
7889.0,53481.0,1,,
273.0,21949.0,1,,
7693.0,5625.0,1,,
14503.0,24245.0,1,,
7525.0,7083.0,1,,
661.0,35676.0,1,,
11722.0,66115.0,1,,
17897.0,6698.0,1,,
4012.0,75400.0,1,,
15318.0,61182.0,1,,
5758.0,16772.0,1,,
11417.0,28318.0,1,,
27130.0,16500.0,1,,
733.0,28994.0,1,,
33.0,25972.0,1,,
5901.0,7202.0,1,,
19837.0,19836.0,1,,
20033.0,15370.0,1,,
18802.0,18801.0,1,,
9849.0,69106.0,1,,
9622.0,35024.0,1,,
6201.0,43856.0,1,,
12443.0,28895.0,1,,
5526.0,10475.0,1,,
5959.0,30317.0,1,,
4303.0,41522.0,1,,
1218.0,4199.0,1,,
890.0,1111.0,1,,
4636.0,67021.0,1,,
530.0,4255.0,1,,
7681.0,14935.0,1,,
2586.0,45597.0,1,,
29466.0,41086.0,1,,
2914.0,36230.0,1,,
7851.0,11288.0,1,,
18022.0,44098.0,1,,
17383.0,28767.0,1,,
18138.0,72298.0,1,,
41.0,12244.0,1,,
3555.0,47881.0,1,,
6882.0,18819.0,1,,
2886.0,10474.0,1,,
2760.0,8228.0,1,,
657.0,69.0,1,,
5949.0,44342.0,1,,
7437.0,11381.0,1,,
191.0,34437.0,1,,
12277.0,59262.0,1,,
1589.0,58142.0,1,,
3217.0,43345.0,1,,
660.0,48819.0,1,,
51180.0,67503.0,1,,
30273.0,27480.0,1,,
5435.0,15951.0,1,,
20076.0,71880.0,1,,
1780.0,11287.0,1,,
191.0,30284.0,1,,
813.0,2576.0,1,,
13546.0,4714.0,1,,
23840.0,17034.0,1,,
5233.0,18732.0,1,,
4643.0,10457.0,1,,
5193.0,43237.0,1,,
5944.0,31331.0,1,,
660.0,17952.0,1,,
501.0,11911.0,1,,
1264.0,9388.0,1,,
2451.0,515.0,1,,
940.0,2576.0,1,,
8680.0,29559.0,1,,
7296.0,76985.0,1,,
1421.0,14428.0,1,,
2534.0,5321.0,1,,
14949.0,61034.0,1,,
2894.0,29741.0,1,,
5662.0,14890.0,1,,
27065.0,31579.0,1,,
14103.0,15174.0,1,,
30866.0,4674.0,1,,
1004.0,11407.0,1,,
170.0,20239.0,1,,
7478.0,3743.0,1,,
1890.0,7572.0,1,,
3160.0,2238.0,1,,
919.0,67143.0,1,,
17261.0,62082.0,1,,
14975.0,18348.0,1,,
2488.0,43187.0,1,,
11044.0,14362.0,1,,
47.0,1147.0,1,,
9415.0,11682.0,1,,
10947.0,7542.0,1,,
38646.0,52676.0,1,,
17944.0,67300.0,1,,
26361.0,40534.0,1,,
4550.0,2751.0,1,,
760.0,4350.0,1,,
3373.0,12645.0,1,,
18494.0,7051.0,1,,
5384.0,15996.0,1,,
14471.0,17709.0,1,,
19669.0,68654.0,1,,
7503.0,53009.0,1,,
1935.0,12661.0,1,,
2557.0,4951.0,1,,
6219.0,6069.0,1,,
36861.0,40282.0,1,,
362.0,539.0,1,,
79.0,2640.0,1,,
922.0,39391.0,1,,
47.0,21682.0,1,,
2477.0,17685.0,1,,
8143.0,12260.0,1,,
2837.0,36149.0,1,,
2093.0,34302.0,1,,
7984.0,15790.0,1,,
5313.0,18128.0,1,,
58.0,16191.0,1,,
7328.0,32733.0,1,,
1553.0,13748.0,1,,
7992.0,9476.0,1,,
41413.0,72787.0,1,,
19.0,1458.0,1,,
1213.0,4342.0,1,,
639.0,36114.0,1,,
2204.0,11444.0,1,,
1188.0,7341.0,1,,
11426.0,22888.0,1,,
15908.0,37379.0,1,,
7040.0,22159.0,1,,
33.0,23606.0,1,,
172.0,5441.0,1,,
2573.0,6638.0,1,,
3815.0,15116.0,1,,
1906.0,49566.0,1,,
2074.0,15691.0,1,,
2894.0,29076.0,1,,
10573.0,16490.0,1,,
1438.0,15899.0,1,,
2784.0,25265.0,1,,
16025.0,15044.0,1,,
1122.0,3591.0,1,,
635.0,13710.0,1,,
760.0,45146.0,1,,
4429.0,41795.0,1,,
6377.0,3216.0,1,,
815.0,14281.0,1,,
1740.0,15863.0,1,,
1188.0,36772.0,1,,
9235.0,37128.0,1,,
10028.0,33253.0,1,,
5652.0,3776.0,1,,
5097.0,65567.0,1,,
3794.0,50128.0,1,,
4227.0,8051.0,1,,
12101.0,10457.0,1,,
1143.0,25490.0,1,,
2280.0,43426.0,1,,
1004.0,11347.0,1,,
15922.0,52078.0,1,,
636.0,7802.0,1,,
11807.0,65782.0,1,,
3641.0,48047.0,1,,
4014.0,26087.0,1,,
16666.0,3140.0,1,,
1110.0,351.0,1,,
3070.0,33863.0,1,,
15770.0,38443.0,1,,
35234.0,55373.0,1,,
3264.0,5238.0,1,,
1701.0,4571.0,1,,
149.0,9983.0,1,,
3536.0,27014.0,1,,
4387.0,38641.0,1,,
636.0,54128.0,1,,
5468.0,22414.0,1,,
21126.0,15105.0,1,,
6233.0,51402.0,1,,
42623.0,81163.0,1,,
1001.0,4869.0,1,,
28778.0,28768.0,1,,
917.0,5621.0,1,,
2806.0,1675.0,1,,
31.0,5689.0,1,,
1093.0,5657.0,1,,
1849.0,10256.0,1,,
1631.0,47304.0,1,,
906.0,15921.0,1,,
5313.0,36674.0,1,,
3555.0,12594.0,1,,
10810.0,16075.0,1,,
22898.0,8837.0,1,,
13632.0,25713.0,1,,
1278.0,31535.0,1,,
11890.0,78258.0,1,,
28638.0,45338.0,1,,
191.0,34386.0,1,,
27947.0,53535.0,1,,
30383.0,30384.0,1,,
9365.0,56491.0,1,,
5050.0,8846.0,1,,
1323.0,9380.0,1,,
10709.0,16694.0,1,,
1701.0,49554.0,1,,
15910.0,6442.0,1,,
752.0,8132.0,1,,
10946.0,27400.0,1,,
10200.0,2751.0,1,,
170.0,32416.0,1,,
636.0,1566.0,1,,
6120.0,37676.0,1,,
87.0,1808.0,1,,
2891.0,17877.0,1,,
14752.0,36315.0,1,,
32758.0,36500.0,1,,
17588.0,5150.0,1,,
3640.0,4445.0,1,,
17306.0,54721.0,1,,
72.0,5021.0,1,,
2994.0,45966.0,1,,
1544.0,67823.0,1,,
3373.0,73321.0,1,,
9.0,816.0,1,,
5225.0,24710.0,1,,
2853.0,17655.0,1,,
4891.0,4697.0,1,,
18135.0,71452.0,1,,
24261.0,49632.0,1,,
629.0,3173.0,1,,
1862.0,20794.0,1,,
1507.0,1550.0,1,,
8584.0,25896.0,1,,
5903.0,5899.0,1,,
13076.0,9476.0,1,,
2803.0,74526.0,1,,
31.0,668.0,1,,
197.0,55133.0,1,,
85.0,5236.0,1,,
41976.0,72864.0,1,,
4387.0,2577.0,1,,
1291.0,3054.0,1,,
13825.0,27183.0,1,,
31471.0,24632.0,1,,
7304.0,20263.0,1,,
926.0,2506.0,1,,
2633.0,3397.0,1,,
838.0,8069.0,1,,
6156.0,15499.0,1,,
77083.0,77084.0,1,,
923.0,8191.0,1,,
12764.0,12765.0,1,,
9961.0,4944.0,1,,
8320.0,60668.0,1,,
14089.0,51610.0,1,,
1220.0,15847.0,1,,
21560.0,21201.0,1,,
5758.0,28464.0,1,,
1307.0,180.0,1,,
2520.0,2508.0,1,,
19420.0,4883.0,1,,
277.0,68658.0,1,,
4356.0,33806.0,1,,
32046.0,20081.0,1,,
2876.0,27031.0,1,,
4014.0,5071.0,1,,
30448.0,26902.0,1,,
15630.0,61294.0,1,,
63721.0,79592.0,1,,
172.0,23470.0,1,,
149.0,64887.0,1,,
2858.0,9164.0,1,,
12898.0,50674.0,1,,
6853.0,10916.0,1,,
16045.0,16041.0,1,,
22477.0,13424.0,1,,
2714.0,2732.0,1,,
9235.0,5467.0,1,,
20683.0,40546.0,1,,
949.0,12647.0,1,,
7476.0,47269.0,1,,
5625.0,31451.0,1,,
148.0,20534.0,1,,
41.0,16938.0,1,,
2518.0,45505.0,1,,
1133.0,38696.0,1,,
10524.0,28962.0,1,,
35097.0,16274.0,1,,
17678.0,5556.0,1,,
4434.0,2977.0,1,,
3264.0,31410.0,1,,
6223.0,5481.0,1,,
41.0,34513.0,1,,
41.0,55382.0,1,,
938.0,9369.0,1,,
4759.0,7582.0,1,,
545.0,10191.0,1,,
76968.0,76972.0,1,,
757.0,53.0,1,,
7580.0,9954.0,1,,
13930.0,60547.0,1,,
1596.0,42369.0,1,,
2117.0,3770.0,1,,
2374.0,11842.0,1,,
18163.0,3689.0,1,,
906.0,79.0,1,,
452.0,8765.0,1,,
1130.0,2565.0,1,,
4433.0,23438.0,1,,
164.0,28628.0,1,,
735.0,3115.0,1,,
2797.0,1773.0,1,,
7244.0,70167.0,1,,
5111.0,66900.0,1,,
227.0,68558.0,1,,
46095.0,80806.0,1,,
14111.0,16451.0,1,,
3014.0,24150.0,1,,
12991.0,3806.0,1,,
11589.0,4630.0,1,,
31502.0,3546.0,1,,
3035.0,40781.0,1,,
10205.0,15925.0,1,,
557.0,14861.0,1,,
30553.0,29773.0,1,,
29815.0,29809.0,1,,
74.0,6022.0,1,,
75.0,4380.0,1,,
12390.0,20050.0,1,,
172.0,66021.0,1,,
6061.0,6107.0,1,,
1186.0,68398.0,1,,
2817.0,31379.0,1,,
21382.0,46373.0,1,,
6022.0,5313.0,1,,
1382.0,68707.0,1,,
6025.0,41771.0,1,,
1520.0,8637.0,1,,
10297.0,19813.0,1,,
6112.0,50565.0,1,,
7742.0,14595.0,1,,
1485.0,41243.0,1,,
3776.0,11527.0,1,,
62.0,12459.0,1,,
66193.0,71187.0,1,,
1011.0,4602.0,1,,
38943.0,52459.0,1,,
28422.0,44249.0,1,,
24009.0,24005.0,1,,
925.0,2172.0,1,,
39804.0,30244.0,1,,
48907.0,21155.0,1,,
3897.0,4968.0,1,,
29454.0,16953.0,1,,
1632.0,29935.0,1,,
1042.0,100.0,1,,
9956.0,42453.0,1,,
321.0,16737.0,1,,
10041.0,18114.0,1,,
11625.0,11623.0,1,,
15932.0,38731.0,1,,
6495.0,5048.0,1,,
8970.0,35420.0,1,,
3718.0,30241.0,1,,
2631.0,5260.0,1,,
442.0,5322.0,1,,
12517.0,2843.0,1,,
776.0,16218.0,1,,
2919.0,6773.0,1,,
1731.0,3588.0,1,,
27857.0,27850.0,1,,
9691.0,9689.0,1,,
1188.0,7286.0,1,,
5049.0,2581.0,1,,
20556.0,29943.0,1,,
41.0,169.0,1,,
23175.0,14960.0,1,,
30015.0,24169.0,1,,
9237.0,8304.0,1,,
1268.0,72452.0,1,,
3802.0,48330.0,1,,
8414.0,18558.0,1,,
1038.0,6829.0,1,,
2791.0,17509.0,1,,
9473.0,6734.0,1,,
1338.0,5532.0,1,,
1105.0,43386.0,1,,
27867.0,73912.0,1,,
8061.0,39132.0,1,,
3719.0,34106.0,1,,
6171.0,2876.0,1,,
28235.0,5991.0,1,,
9235.0,37136.0,1,,
1357.0,10038.0,1,,
1731.0,1837.0,1,,
10654.0,43162.0,1,,
5320.0,3426.0,1,,
6850.0,47775.0,1,,
1118.0,72156.0,1,,
40622.0,71087.0,1,,
1815.0,40443.0,1,,
636.0,20878.0,1,,
12918.0,11393.0,1,,
1122.0,28327.0,1,,
3245.0,3262.0,1,,
3779.0,6230.0,1,,
14950.0,33403.0,1,,
1005.0,8687.0,1,,
2451.0,15489.0,1,,
665.0,70654.0,1,,
17894.0,25379.0,1,,
1278.0,31545.0,1,,
15835.0,23789.0,1,,
38.0,10769.0,1,,
41.0,55549.0,1,,
6288.0,33881.0,1,,
29006.0,14796.0,1,,
4441.0,7481.0,1,,
2510.0,17881.0,1,,
2042.0,22351.0,1,,
7742.0,10038.0,1,,
112.0,1596.0,1,,
23385.0,12902.0,1,,
352.0,35020.0,1,,
17570.0,50674.0,1,,
10217.0,14037.0,1,,
21449.0,45163.0,1,,
2023.0,8817.0,1,,
14993.0,61935.0,1,,
4965.0,8735.0,1,,
14315.0,37296.0,1,,
760.0,24175.0,1,,
1193.0,7854.0,1,,
13924.0,76082.0,1,,
13683.0,37197.0,1,,
1268.0,18021.0,1,,
1293.0,33988.0,1,,
11163.0,5481.0,1,,
21352.0,60982.0,1,,
7024.0,19462.0,1,,
829.0,12831.0,1,,
8726.0,54778.0,1,,
760.0,1293.0,1,,
33211.0,44811.0,1,,
574.0,7416.0,1,,
1520.0,42154.0,1,,
2488.0,21780.0,1,,
626.0,4425.0,1,,
923.0,938.0,1,,
6276.0,6109.0,1,,
4316.0,48865.0,1,,
1001.0,1522.0,1,,
2500.0,3368.0,1,,
2930.0,2784.0,1,,
49476.0,49474.0,1,,
11533.0,43341.0,1,,
1480.0,12964.0,1,,
4401.0,8353.0,1,,
4914.0,22743.0,1,,
2375.0,3139.0,1,,
1206.0,1468.0,1,,
1018.0,7845.0,1,,
2775.0,47228.0,1,,
5630.0,39114.0,1,,
5513.0,23333.0,1,,
20309.0,5105.0,1,,
17.0,9129.0,1,,
2891.0,23687.0,1,,
5291.0,20473.0,1,,
3246.0,9000.0,1,,
1183.0,4373.0,1,,
452.0,26030.0,1,,
1590.0,20113.0,1,,
25584.0,65707.0,1,,
4312.0,8341.0,1,,
731.0,30211.0,1,,
835.0,2853.0,1,,
3288.0,57704.0,1,,
90.0,1832.0,1,,
28259.0,79788.0,1,,
17559.0,29131.0,1,,
2930.0,8767.0,1,,
2889.0,5582.0,1,,
4014.0,26079.0,1,,
717.0,3026.0,1,,
26077.0,6760.0,1,,
48367.0,67231.0,1,,
52.0,9009.0,1,,
17227.0,8952.0,1,,
4206.0,6308.0,1,,
107.0,4312.0,1,,
4826.0,2782.0,1,,
3958.0,11589.0,1,,
6167.0,4557.0,1,,
4759.0,6051.0,1,,
3798.0,44570.0,1,,
3958.0,169.0,1,,
2876.0,66949.0,1,,
12591.0,9872.0,1,,
15702.0,15710.0,1,,
21787.0,38696.0,1,,
4387.0,8671.0,1,,
1605.0,5546.0,1,,
1935.0,4692.0,1,,
3041.0,37256.0,1,,
770.0,34034.0,1,,
1344.0,5193.0,1,,
36399.0,54174.0,1,,
6496.0,2389.0,1,,
540.0,6510.0,1,,
868.0,3994.0,1,,
30045.0,48422.0,1,,
53673.0,70614.0,1,,
8417.0,8193.0,1,,
321.0,15309.0,1,,
10783.0,13395.0,1,,
1500.0,4308.0,1,,
169.0,2894.0,1,,
17415.0,4720.0,1,,
36329.0,46991.0,1,,
3761.0,20760.0,1,,
24413.0,10332.0,1,,
927.0,414.0,1,,
4199.0,42398.0,1,,
12517.0,73459.0,1,,
734.0,2774.0,1,,
387.0,12767.0,1,,
1507.0,1599.0,1,,
769.0,63579.0,1,,
2272.0,68952.0,1,,
71748.0,71749.0,1,,
1397.0,28516.0,1,,
14463.0,14473.0,1,,
3415.0,9996.0,1,,
4341.0,6074.0,1,,
27382.0,3104.0,1,,
14157.0,2136.0,1,,
6434.0,5076.0,1,,
80.0,24429.0,1,,
596.0,19591.0,1,,
911.0,19148.0,1,,
31.0,8493.0,1,,
21197.0,24735.0,1,,
13687.0,74030.0,1,,
3075.0,27775.0,1,,
5225.0,8674.0,1,,
148.0,169.0,1,,
17028.0,6949.0,1,,
8045.0,31371.0,1,,
20785.0,17526.0,1,,
17650.0,25230.0,1,,
758.0,8111.0,1,,
29001.0,10632.0,1,,
9148.0,19280.0,1,,
8277.0,33434.0,1,,
672.0,16355.0,1,,
1382.0,33903.0,1,,
13943.0,27938.0,1,,
1014.0,1405.0,1,,
846.0,1042.0,1,,
1602.0,73000.0,1,,
24687.0,15499.0,1,,
640.0,9200.0,1,,
19538.0,19536.0,1,,
28351.0,14683.0,1,,
6942.0,18399.0,1,,
29192.0,29186.0,1,,
37931.0,29118.0,1,,
40593.0,55824.0,1,,
2555.0,4874.0,1,,
17663.0,11346.0,1,,
1500.0,22106.0,1,,
15951.0,42508.0,1,,
70400.0,74046.0,1,,
10707.0,38271.0,1,,
8110.0,19003.0,1,,
11272.0,39221.0,1,,
34010.0,34011.0,1,,
5502.0,76253.0,1,,
3751.0,3638.0,1,,
4303.0,15777.0,1,,
41.0,55237.0,1,,
16829.0,9520.0,1,,
2057.0,12430.0,1,,
1544.0,29312.0,1,,
5867.0,25127.0,1,,
885.0,4906.0,1,,
7191.0,16019.0,1,,
7077.0,1513.0,1,,
17053.0,27264.0,1,,
4152.0,3879.0,1,,
7.0,1285.0,1,,
1055.0,1193.0,1,,
16666.0,6326.0,1,,
40294.0,20404.0,1,,
733.0,10884.0,1,,
6421.0,18036.0,1,,
47204.0,81357.0,1,,
1903.0,27811.0,1,,
1385.0,7265.0,1,,
5174.0,17693.0,1,,
44.0,26465.0,1,,
17209.0,5506.0,1,,
1360.0,4084.0,1,,
11842.0,2340.0,1,,
12292.0,26344.0,1,,
17351.0,3354.0,1,,
1247.0,14602.0,1,,
87.0,43.0,1,,
6511.0,20241.0,1,,
7758.0,2486.0,1,,
1155.0,5576.0,1,,
11222.0,9868.0,1,,
8439.0,6404.0,1,,
2173.0,3073.0,1,,
10249.0,13143.0,1,,
31961.0,6175.0,1,,
1544.0,6174.0,1,,
5956.0,6533.0,1,,
5605.0,6652.0,1,,
26966.0,14376.0,1,,
1701.0,13361.0,1,,
4704.0,14246.0,1,,
231.0,8064.0,1,,
1701.0,64208.0,1,,
4501.0,22462.0,1,,
47615.0,60488.0,1,,
760.0,5493.0,1,,
4786.0,4965.0,1,,
1138.0,28788.0,1,,
25540.0,65691.0,1,,
647.0,7571.0,1,,
2245.0,31515.0,1,,
1233.0,5742.0,1,,
679.0,12215.0,1,,
25671.0,40017.0,1,,
5699.0,20067.0,1,,
12706.0,9418.0,1,,
7908.0,24043.0,1,,
1454.0,4864.0,1,,
1406.0,5591.0,1,,
4794.0,75796.0,1,,
1370.0,14438.0,1,,
3246.0,12994.0,1,,
2361.0,27950.0,1,,
1383.0,2329.0,1,,
320.0,6414.0,1,,
10226.0,32817.0,1,,
4614.0,10079.0,1,,
1400.0,5591.0,1,,
8427.0,60462.0,1,,
19052.0,11108.0,1,,
7983.0,31776.0,1,,
1365.0,12403.0,1,,
557.0,2851.0,1,,
149.0,1956.0,1,,
3160.0,3527.0,1,,
683.0,2502.0,1,,
15934.0,9878.0,1,,
4617.0,11727.0,1,,
18380.0,43392.0,1,,
1468.0,7163.0,1,,
2640.0,5260.0,1,,
43.0,21067.0,1,,
39804.0,29286.0,1,,
17120.0,25415.0,1,,
24080.0,31539.0,1,,
2078.0,10226.0,1,,
24150.0,63436.0,1,,
40266.0,6822.0,1,,
14320.0,16176.0,1,,
2915.0,15941.0,1,,
40143.0,33772.0,1,,
629.0,11870.0,1,,
714.0,10308.0,1,,
16384.0,16386.0,1,,
6662.0,5560.0,1,,
1269.0,30431.0,1,,
7588.0,22845.0,1,,
1935.0,12660.0,1,,
14429.0,54223.0,1,,
10634.0,26282.0,1,,
6468.0,29921.0,1,,
5988.0,18844.0,1,,
2851.0,63293.0,1,,
3423.0,402.0,1,,
11194.0,31973.0,1,,
13841.0,11528.0,1,,
16490.0,27004.0,1,,
6167.0,6026.0,1,,
6845.0,13983.0,1,,
11570.0,18487.0,1,,
83.0,25725.0,1,,
614.0,5972.0,1,,
3310.0,23683.0,1,,
10303.0,7966.0,1,,
5906.0,5932.0,1,,
629.0,22116.0,1,,
17959.0,17958.0,1,,
22023.0,29791.0,1,,
6827.0,16903.0,1,,
4067.0,4169.0,1,,
8480.0,40522.0,1,,
621.0,23864.0,1,,
33718.0,19512.0,1,,
61703.0,61704.0,1,,
34887.0,69883.0,1,,
3870.0,15889.0,1,,
4204.0,48682.0,1,,
23164.0,37346.0,1,,
45246.0,50565.0,1,,
170.0,62529.0,1,,
770.0,11984.0,1,,
2994.0,45957.0,1,,
1140.0,16750.0,1,,
868.0,25934.0,1,,
5453.0,26945.0,1,,
4458.0,12107.0,1,,
3338.0,39405.0,1,,
12922.0,48675.0,1,,
653.0,1521.0,1,,
47007.0,46085.0,1,,
1002.0,1042.0,1,,
14157.0,38343.0,1,,
4733.0,49278.0,1,,
38431.0,73057.0,1,,
26512.0,4759.0,1,,
9351.0,52876.0,1,,
7001.0,39653.0,1,,
660.0,4759.0,1,,
68.0,3288.0,1,,
2631.0,14493.0,1,,
1397.0,28511.0,1,,
1650.0,26865.0,1,,
169.0,1997.0,1,,
26732.0,34014.0,1,,
881.0,1353.0,1,,
1298.0,39842.0,1,,
866.0,976.0,1,,
23228.0,7680.0,1,,
191.0,29431.0,1,,
8141.0,32566.0,1,,
12616.0,8143.0,1,,
2870.0,23333.0,1,,
5735.0,2933.0,1,,
30864.0,19030.0,1,,
23220.0,17364.0,1,,
1602.0,8925.0,1,,
24294.0,59458.0,1,,
3291.0,68562.0,1,,
989.0,1287.0,1,,
922.0,13120.0,1,,
4864.0,36880.0,1,,
13910.0,37743.0,1,,
76.0,998.0,1,,
8328.0,3213.0,1,,
5959.0,5684.0,1,,
277.0,22159.0,1,,
8982.0,77610.0,1,,
660.0,7979.0,1,,
17686.0,25824.0,1,,
9787.0,9129.0,1,,
639.0,2696.0,1,,
58.0,4152.0,1,,
1447.0,2619.0,1,,
1319.0,57500.0,1,,
24904.0,65476.0,1,,
1186.0,5849.0,1,,
8221.0,7974.0,1,,
17589.0,38860.0,1,,
172.0,66992.0,1,,
911.0,1507.0,1,,
325.0,12719.0,1,,
714.0,19996.0,1,,
4976.0,7641.0,1,,
11221.0,8329.0,1,,
22351.0,1953.0,1,,
3037.0,45059.0,1,,
59.0,8021.0,1,,
15661.0,4683.0,1,,
13019.0,46429.0,1,,
5652.0,3380.0,1,,
6331.0,13362.0,1,,
8794.0,5553.0,1,,
1212.0,24034.0,1,,
56139.0,77532.0,1,,
640.0,850.0,1,,
2503.0,26896.0,1,,
5958.0,10589.0,1,,
1072.0,2438.0,1,,
862.0,1000.0,1,,
5322.0,24214.0,1,,
7.0,22605.0,1,,
3824.0,6105.0,1,,
22041.0,6502.0,1,,
56642.0,75649.0,1,,
1255.0,13918.0,1,,
9517.0,45417.0,1,,
10897.0,10886.0,1,,
599.0,2548.0,1,,
7025.0,12383.0,1,,
25990.0,17944.0,1,,
2752.0,5359.0,1,,
5413.0,2446.0,1,,
976.0,159.0,1,,
50371.0,50373.0,1,,
18533.0,3622.0,1,,
119.0,67074.0,1,,
2545.0,33181.0,1,,
1528.0,42181.0,1,,
780.0,25640.0,1,,
18121.0,26718.0,1,,
3932.0,8302.0,1,,
7928.0,73180.0,1,,
3892.0,2117.0,1,,
17995.0,37107.0,1,,
9132.0,23881.0,1,,
42811.0,35064.0,1,,
8056.0,430.0,1,,
43.0,65678.0,1,,
869.0,1627.0,1,,
80.0,24017.0,1,,
10697.0,57820.0,1,,
2173.0,68909.0,1,,
8132.0,10586.0,1,,
14950.0,11807.0,1,,
4387.0,25527.0,1,,
1233.0,71815.0,1,,
10297.0,4345.0,1,,
3137.0,2719.0,1,,
14193.0,52119.0,1,,
1389.0,8891.0,1,,
780.0,2782.0,1,,
633.0,2551.0,1,,
10677.0,47430.0,1,,
1550.0,12251.0,1,,
13331.0,22830.0,1,,
39916.0,38725.0,1,,
341.0,14908.0,1,,
770.0,29810.0,1,,
16129.0,75265.0,1,,
191.0,33930.0,1,,
18533.0,8295.0,1,,
881.0,71635.0,1,,
1125.0,19394.0,1,,
29088.0,45671.0,1,,
4816.0,22001.0,1,,
1130.0,2541.0,1,,
924.0,39437.0,1,,
1417.0,72687.0,1,,
906.0,15872.0,1,,
27805.0,67315.0,1,,
58.0,31128.0,1,,
4883.0,6428.0,1,,
18265.0,6711.0,1,,
1544.0,11450.0,1,,
450.0,18329.0,1,,
25853.0,38902.0,1,,
1255.0,7029.0,1,,
11600.0,9088.0,1,,
2835.0,30589.0,1,,
807.0,15652.0,1,,
21922.0,28808.0,1,,
1060.0,9650.0,1,,
12720.0,27667.0,1,,
5959.0,27004.0,1,,
1752.0,6016.0,1,,
17200.0,17202.0,1,,
20336.0,22928.0,1,,
760.0,29389.0,1,,
949.0,20579.0,1,,
5764.0,9395.0,1,,
1394.0,28997.0,1,,
1895.0,4697.0,1,,
1210.0,6078.0,1,,
22093.0,37461.0,1,,
31887.0,11506.0,1,,
1438.0,31462.0,1,,
1726.0,5565.0,1,,
1018.0,7904.0,1,,
2637.0,2994.0,1,,
7244.0,3820.0,1,,
1293.0,14920.0,1,,
1241.0,25612.0,1,,
241.0,2301.0,1,,
19567.0,34464.0,1,,
1136.0,8633.0,1,,
4425.0,5418.0,1,,
8852.0,37889.0,1,,
9762.0,3899.0,1,,
11297.0,58630.0,1,,
13.0,25684.0,1,,
8490.0,4963.0,1,,
11966.0,19695.0,1,,
34624.0,34762.0,1,,
3333.0,4819.0,1,,
8513.0,23029.0,1,,
599.0,2418.0,1,,
34.0,2641.0,1,,
18680.0,47591.0,1,,
767.0,29981.0,1,,
15031.0,23016.0,1,,
450.0,11332.0,1,,
2493.0,60375.0,1,,
37723.0,65490.0,1,,
1153.0,2526.0,1,,
27311.0,27305.0,1,,
6615.0,51778.0,1,,
10896.0,12484.0,1,,
21537.0,54370.0,1,,
4965.0,35683.0,1,,
5781.0,3657.0,1,,
36315.0,36322.0,1,,
2695.0,11479.0,1,,
1377.0,6105.0,1,,
4768.0,7891.0,1,,
1836.0,15035.0,1,,
2714.0,2723.0,1,,
59315.0,70121.0,1,,
56058.0,77511.0,1,,
4477.0,5758.0,1,,
19052.0,7783.0,1,,
13725.0,17994.0,1,,
26844.0,55271.0,1,,
30195.0,35357.0,1,,
8197.0,26860.0,1,,
13215.0,23704.0,1,,
16111.0,39995.0,1,,
3794.0,41970.0,1,,
639.0,15296.0,1,,
8896.0,10644.0,1,,
10401.0,49088.0,1,,
811.0,159.0,1,,
3993.0,48522.0,1,,
10795.0,7568.0,1,,
9470.0,9514.0,1,,
783.0,37829.0,1,,
3958.0,18034.0,1,,
5756.0,7891.0,1,,
754.0,4252.0,1,,
15408.0,25361.0,1,,
15523.0,61265.0,1,,
770.0,70385.0,1,,
8193.0,33836.0,1,,
172.0,13009.0,1,,
3768.0,2715.0,1,,
4687.0,18158.0,1,,
329.0,3903.0,1,,
906.0,15945.0,1,,
313.0,11637.0,1,,
9434.0,60375.0,1,,
3251.0,25710.0,1,,
10457.0,7632.0,1,,
28361.0,80320.0,1,,
18005.0,5336.0,1,,
10747.0,5338.0,1,,
1187.0,6853.0,1,,
7108.0,7943.0,1,,
14285.0,38964.0,1,,
2161.0,13593.0,1,,
79.0,8376.0,1,,
841.0,22693.0,1,,
5384.0,72929.0,1,,
13076.0,14435.0,1,,
1400.0,14508.0,1,,
34936.0,69361.0,1,,
33502.0,13183.0,0,,
531.0,1921.0,0,,
7781.0,25872.0,0,,
6096.0,34698.0,0,,
5242.0,24205.0,0,,
46055.0,16906.0,0,,
2477.0,33037.0,0,,
14382.0,58334.0,0,,
1072.0,15195.0,0,,
12911.0,25020.0,0,,
5516.0,19125.0,0,,
8622.0,25567.0,0,,
2914.0,2237.0,0,,
2851.0,1809.0,0,,
8369.0,43099.0,0,,
13492.0,13527.0,0,,
8783.0,29143.0,0,,
90.0,19083.0,0,,
5094.0,3455.0,0,,
9769.0,3981.0,0,,
330.0,6599.0,0,,
15061.0,19983.0,0,,
531.0,34290.0,0,,
976.0,12484.0,0,,
3110.0,12910.0,0,,
26872.0,14500.0,0,,
9375.0,8909.0,0,,
8982.0,14294.0,0,,
6793.0,34487.0,0,,
2406.0,72211.0,0,,
8602.0,24952.0,0,,
11275.0,18412.0,0,,
26534.0,3617.0,0,,
2812.0,40388.0,0,,
668.0,807.0,0,,
5088.0,34727.0,0,,
17208.0,15131.0,0,,
16727.0,2032.0,0,,
1393.0,48399.0,0,,
1105.0,40388.0,0,,
68.0,24607.0,0,,
170.0,12302.0,0,,
28403.0,6799.0,0,,
4391.0,4450.0,0,,
12492.0,18987.0,0,,
625.0,6615.0,0,,
8071.0,48932.0,0,,
3687.0,10523.0,0,,
9817.0,30138.0,0,,
666.0,1755.0,0,,
20146.0,79432.0,0,,
862.0,69934.0,0,,
2101.0,5367.0,0,,
33333.0,50688.0,0,,
10265.0,25601.0,0,,
41808.0,62610.0,0,,
34302.0,49424.0,0,,
1493.0,3454.0,0,,
3640.0,19014.0,0,,
745.0,17208.0,0,,
2930.0,8048.0,0,,
3054.0,8576.0,0,,
27250.0,48749.0,0,,
819.0,31858.0,0,,
787.0,27546.0,0,,
9171.0,9422.0,0,,
4865.0,9035.0,0,,
4592.0,8701.0,0,,
5310.0,5643.0,0,,
1174.0,19148.0,0,,
773.0,16869.0,0,,
17946.0,22282.0,0,,
213.0,14503.0,0,,
976.0,5490.0,0,,
5185.0,11739.0,0,,
1703.0,63560.0,0,,
1311.0,38004.0,0,,
21990.0,5503.0,0,,
1479.0,28321.0,0,,
6288.0,11815.0,0,,
16631.0,21039.0,0,,
16734.0,5927.0,0,,
5516.0,45871.0,0,,
2304.0,3697.0,0,,
24477.0,23781.0,0,,
1280.0,62756.0,0,,
43220.0,73545.0,0,,
13323.0,45921.0,0,,
13495.0,42268.0,0,,
24952.0,30738.0,0,,
6158.0,3437.0,0,,
12164.0,4183.0,0,,
22268.0,17877.0,0,,
423.0,31776.0,0,,
6972.0,28057.0,0,,
1635.0,11810.0,0,,
5856.0,33967.0,0,,
1893.0,3360.0,0,,
197.0,69302.0,0,,
10871.0,15721.0,0,,
10965.0,54454.0,0,,
9833.0,6354.0,0,,
7644.0,2473.0,0,,
2200.0,18782.0,0,,
1858.0,21998.0,0,,
33697.0,60491.0,0,,
5501.0,12061.0,0,,
24269.0,7466.0,0,,
10372.0,24167.0,0,,
47.0,2699.0,0,,
16175.0,16899.0,0,,
5363.0,3160.0,0,,
1849.0,16022.0,0,,
41337.0,43292.0,0,,
1438.0,23777.0,0,,
59.0,43291.0,0,,
2008.0,21527.0,0,,
10291.0,3045.0,0,,
10131.0,10006.0,0,,
1307.0,40377.0,0,,
3140.0,11860.0,0,,
8482.0,13272.0,0,,
16788.0,16357.0,0,,
1755.0,39040.0,0,,
1493.0,3600.0,0,,
20445.0,33022.0,0,,
11028.0,12690.0,0,,
3264.0,5856.0,0,,
5189.0,43475.0,0,,
331.0,8332.0,0,,
3806.0,30397.0,0,,
7599.0,32454.0,0,,
5472.0,13614.0,0,,
2358.0,8126.0,0,,
7441.0,35802.0,0,,
823.0,1595.0,0,,
1490.0,1866.0,0,,
43000.0,11887.0,0,,
2238.0,9281.0,0,,
34741.0,54349.0,0,,
34986.0,3708.0,0,,
1375.0,555.0,0,,
3657.0,25035.0,0,,
1862.0,8869.0,0,,
869.0,13634.0,0,,
824.0,38092.0,0,,
1116.0,6881.0,0,,
21521.0,12898.0,0,,
8858.0,3374.0,0,,
3349.0,24413.0,0,,
8952.0,36437.0,0,,
2415.0,16426.0,0,,
1816.0,48919.0,0,,
6561.0,16862.0,0,,
2065.0,43357.0,0,,
1309.0,7332.0,0,,
8277.0,16480.0,0,,
476.0,2631.0,0,,
5049.0,21621.0,0,,
22414.0,23611.0,0,,
4832.0,6223.0,0,,
11824.0,54819.0,0,,
807.0,3391.0,0,,
6959.0,60794.0,0,,
3217.0,48392.0,0,,
3617.0,34330.0,0,,
1484.0,6867.0,0,,
438.0,66384.0,0,,
5571.0,5585.0,0,,
3078.0,3443.0,0,,
1313.0,28984.0,0,,
64393.0,76809.0,0,,
112.0,5516.0,0,,
310.0,39370.0,0,,
5447.0,15019.0,0,,
24962.0,43741.0,0,,
31866.0,13063.0,0,,
531.0,2851.0,0,,
26632.0,8925.0,0,,
55.0,42094.0,0,,
20975.0,23981.0,0,,
144.0,2675.0,0,,
11606.0,27417.0,0,,
5363.0,30150.0,0,,
16272.0,5787.0,0,,
1485.0,16199.0,0,,
850.0,884.0,0,,
1913.0,7096.0,0,,
30378.0,24967.0,0,,
50.0,43141.0,0,,
12492.0,45864.0,0,,
2811.0,13362.0,0,,
1305.0,18730.0,0,,
10609.0,1792.0,0,,
3770.0,51771.0,0,,
5552.0,5359.0,0,,
3281.0,4357.0,0,,
8545.0,37736.0,0,,
22530.0,9384.0,0,,
26908.0,55627.0,0,,
5185.0,30489.0,0,,
678.0,36744.0,0,,
2306.0,29556.0,0,,
27133.0,12065.0,0,,
19386.0,10897.0,0,,
464.0,5856.0,0,,
686.0,58248.0,0,,
2127.0,14494.0,0,,
1928.0,51766.0,0,,
16388.0,77198.0,0,,
3070.0,54804.0,0,,
11870.0,14449.0,0,,
1569.0,19087.0,0,,
845.0,1755.0,0,,
5285.0,8610.0,0,,
10971.0,58325.0,0,,
90.0,43304.0,0,,
7441.0,18429.0,0,,
4391.0,4636.0,0,,
6331.0,51528.0,0,,
1024.0,37854.0,0,,
6374.0,51753.0,0,,
3054.0,2252.0,0,,
618.0,27667.0,0,,
1804.0,30637.0,0,,
5165.0,2715.0,0,,
7373.0,29921.0,0,,
14554.0,60818.0,0,,
17389.0,5919.0,0,,
1935.0,13065.0,0,,
14389.0,19790.0,0,,
8577.0,19270.0,0,,
5234.0,22982.0,0,,
31858.0,15535.0,0,,
5316.0,4621.0,0,,
1004.0,5083.0,0,,
12700.0,2008.0,0,,
1389.0,11615.0,0,,
4584.0,44006.0,0,,
2785.0,46661.0,0,,
4199.0,5028.0,0,,
13078.0,27798.0,0,,
1635.0,12117.0,0,,
10632.0,32024.0,0,,
7821.0,11243.0,0,,
922.0,10619.0,0,,
2780.0,4059.0,0,,
911.0,73199.0,0,,
2676.0,58325.0,0,,
23687.0,4557.0,0,,
16631.0,4792.0,0,,
1646.0,21480.0,0,,
9250.0,35331.0,0,,
176.0,6166.0,0,,
1921.0,12687.0,0,,
197.0,17389.0,0,,
10604.0,26471.0,0,,
1463.0,27505.0,0,,
2158.0,43529.0,0,,
2146.0,61065.0,0,,
9748.0,10241.0,0,,
176.0,2107.0,0,,
16460.0,21009.0,0,,
9835.0,35584.0,0,,
7129.0,9802.0,0,,
2881.0,32490.0,0,,
8939.0,8135.0,0,,
6223.0,25921.0,0,,
6275.0,10871.0,0,,
9776.0,7100.0,0,,
930.0,15318.0,0,,
27134.0,6331.0,0,,
419.0,31995.0,0,,
906.0,5267.0,0,,
3887.0,48881.0,0,,
45.0,8433.0,0,,
25872.0,16450.0,0,,
6881.0,52238.0,0,,
22002.0,16879.0,0,,
6907.0,53629.0,0,,
845.0,21087.0,0,,
49191.0,67821.0,0,,
170.0,14531.0,0,,
5094.0,48557.0,0,,
12010.0,59090.0,0,,
27824.0,25086.0,0,,
13119.0,19790.0,0,,
531.0,40933.0,0,,
6881.0,21167.0,0,,
3415.0,23191.0,0,,
21396.0,30658.0,0,,
17389.0,62178.0,0,,
1313.0,5735.0,0,,
41601.0,24046.0,0,,
12395.0,62371.0,0,,
9593.0,3523.0,0,,
5895.0,29837.0,0,,
3694.0,20239.0,0,,
18721.0,24207.0,0,,
85.0,45640.0,0,,
39474.0,16022.0,0,,
331.0,9755.0,0,,
5234.0,22888.0,0,,
5281.0,3119.0,0,,
824.0,43527.0,0,,
995.0,14908.0,0,,
14355.0,29764.0,0,,
3970.0,25758.0,0,,
2914.0,21546.0,0,,
50.0,7681.0,0,,
4954.0,49666.0,0,,
31753.0,68761.0,0,,
8694.0,9629.0,0,,
24653.0,14896.0,0,,
1703.0,7619.0,0,,
17598.0,2371.0,0,,
1498.0,7181.0,0,,
16338.0,61624.0,0,,
16734.0,9878.0,0,,
3640.0,14825.0,0,,
10871.0,14353.0,0,,
630.0,5236.0,0,,
9237.0,30374.0,0,,
1988.0,3199.0,0,,
3687.0,25458.0,0,,
25872.0,5847.0,0,,
2659.0,24653.0,0,,
8860.0,9197.0,0,,
19612.0,41715.0,0,,
17679.0,12821.0,0,,
1297.0,1307.0,0,,
90.0,13602.0,0,,
6112.0,78373.0,0,,
9791.0,18095.0,0,,
23783.0,34074.0,0,,
930.0,10609.0,0,,
2838.0,10840.0,0,,
31600.0,13495.0,0,,
41080.0,58195.0,0,,
79.0,60290.0,0,,
746.0,12861.0,0,,
59.0,17827.0,0,,
41794.0,27018.0,0,,
530.0,1313.0,0,,
40286.0,67282.0,0,,
2163.0,10907.0,0,,
179.0,13053.0,0,,
6881.0,10039.0,0,,
16175.0,45211.0,0,,
12305.0,29991.0,0,,
8797.0,8620.0,0,,
3397.0,40266.0,0,,
149.0,5456.0,0,,
1921.0,25821.0,0,,
16895.0,72898.0,0,,
4391.0,4525.0,0,,
5651.0,12302.0,0,,
1763.0,49161.0,0,,
1201.0,1667.0,0,,
41374.0,52107.0,0,,
3839.0,48358.0,0,,
21398.0,64003.0,0,,
23410.0,22403.0,0,,
3210.0,23819.0,0,,
512.0,16719.0,0,,
5104.0,15197.0,0,,
59.0,6908.0,0,,
919.0,66621.0,0,,
9250.0,54728.0,0,,
5187.0,13966.0,0,,
17314.0,28320.0,0,,
9920.0,27667.0,0,,
530.0,19807.0,0,,
19916.0,22002.0,0,,
13648.0,22115.0,0,,
11125.0,38706.0,0,,
1389.0,12780.0,0,,
9524.0,47912.0,0,,
8227.0,12061.0,0,,
499.0,21396.0,0,,
3265.0,49639.0,0,,
17141.0,12012.0,0,,
7605.0,30558.0,0,,
1400.0,25983.0,0,,
23981.0,23975.0,0,,
5236.0,3176.0,0,,
10608.0,10383.0,0,,
4098.0,7946.0,0,,
31980.0,14550.0,0,,
22101.0,4308.0,0,,
10160.0,49639.0,0,,
940.0,9806.0,0,,
7595.0,14694.0,0,,
1484.0,13156.0,0,,
2120.0,72220.0,0,,
5390.0,9720.0,0,,
2104.0,31485.0,0,,
8845.0,5102.0,0,,
10060.0,15926.0,0,,
1070.0,18829.0,0,,
620.0,8407.0,0,,
29377.0,74777.0,0,,
21892.0,30378.0,0,,
922.0,18688.0,0,,
16196.0,10070.0,0,,
48486.0,49581.0,0,,
25117.0,64452.0,0,,
10762.0,38786.0,0,,
1802.0,77603.0,0,,
906.0,6363.0,0,,
13217.0,13272.0,0,,
14157.0,5730.0,0,,
17808.0,17819.0,0,,
10103.0,30539.0,0,,
23776.0,26689.0,0,,
5108.0,31137.0,0,,
3357.0,22002.0,0,,
5363.0,3604.0,0,,
9757.0,55213.0,0,,
12061.0,12236.0,0,,
14194.0,3140.0,0,,
5490.0,3354.0,0,,
1248.0,48399.0,0,,
11728.0,39310.0,0,,
871.0,28045.0,0,,
28984.0,67868.0,0,,
8166.0,9918.0,0,,
2886.0,31753.0,0,,
1206.0,12308.0,0,,
1050.0,2065.0,0,,
37696.0,10667.0,0,,
16582.0,28971.0,0,,
1755.0,3076.0,0,,
2406.0,74152.0,0,,
23783.0,35471.0,0,,
3642.0,27047.0,0,,
531.0,15484.0,0,,
923.0,40266.0,0,,
1150.0,18016.0,0,,
14550.0,19483.0,0,,
1964.0,8171.0,0,,
353.0,3697.0,0,,
2406.0,18583.0,0,,
14150.0,3675.0,0,,
4068.0,3289.0,0,,
11070.0,1658.0,0,,
7190.0,11995.0,0,,
29054.0,43956.0,0,,
78061.0,78069.0,0,,
686.0,4987.0,0,,
679.0,1490.0,0,,
1631.0,31386.0,0,,
25414.0,31858.0,0,,
28691.0,18837.0,0,,
627.0,4514.0,0,,
8545.0,4759.0,0,,
3675.0,52296.0,0,,
940.0,5408.0,0,,
24465.0,65346.0,0,,
9813.0,1670.0,0,,
20811.0,48212.0,0,,
7615.0,44061.0,0,,
1747.0,11451.0,0,,
23970.0,11409.0,0,,
5121.0,49969.0,0,,
769.0,20487.0,0,,
7219.0,25847.0,0,,
22432.0,47800.0,0,,
21246.0,11268.0,0,,
12685.0,9945.0,0,,
1847.0,8697.0,0,,
1803.0,5028.0,0,,
678.0,8086.0,0,,
6802.0,13245.0,0,,
8925.0,34941.0,0,,
13104.0,13101.0,0,,
1589.0,43364.0,0,,
1924.0,14678.0,0,,
5975.0,19612.0,0,,
21990.0,2978.0,0,,
31414.0,15544.0,0,,
10758.0,8700.0,0,,
6056.0,17098.0,0,,
60329.0,61287.0,0,,
2161.0,1771.0,0,,
911.0,10473.0,0,,
12172.0,21988.0,0,,
8540.0,14792.0,0,,
12006.0,9281.0,0,,
856.0,3447.0,0,,
6288.0,16272.0,0,,
7615.0,11887.0,0,,
39039.0,55375.0,0,,
1152.0,51896.0,0,,
7721.0,25768.0,0,,
3069.0,11663.0,0,,
53.0,11043.0,0,,
824.0,13998.0,0,,
1558.0,67008.0,0,,
5400.0,3087.0,0,,
6907.0,36956.0,0,,
5015.0,33008.0,0,,
4458.0,8094.0,0,,
7330.0,46859.0,0,,
2235.0,20860.0,0,,
11000.0,40480.0,0,,
10164.0,12308.0,0,,
653.0,34429.0,0,,
911.0,71993.0,0,,
19121.0,21027.0,0,,
1239.0,20587.0,0,,
26872.0,30374.0,0,,
6783.0,27082.0,0,,
301.0,30156.0,0,,
400.0,25414.0,0,,
6581.0,23993.0,0,,
1243.0,38823.0,0,,
4521.0,7640.0,0,,
1646.0,26356.0,0,,
10628.0,8939.0,0,,
13746.0,34698.0,0,,
3045.0,67035.0,0,,
1579.0,71674.0,0,,
5564.0,11350.0,0,,
8729.0,36442.0,0,,
9381.0,8627.0,0,,
5053.0,7324.0,0,,
16232.0,64208.0,0,,
3886.0,10095.0,0,,
13988.0,45841.0,0,,
3245.0,3397.0,0,,
1635.0,12116.0,0,,
3569.0,11970.0,0,,
30717.0,3401.0,0,,
6743.0,40141.0,0,,
33915.0,27274.0,0,,
18751.0,4459.0,0,,
17462.0,65871.0,0,,
1930.0,64778.0,0,,
19394.0,5512.0,0,,
9380.0,20811.0,0,,
5200.0,40643.0,0,,
1563.0,4067.0,0,,
36317.0,59747.0,0,,
1448.0,26328.0,0,,
26030.0,34259.0,0,,
352.0,25502.0,0,,
4759.0,13907.0,0,,
653.0,14608.0,0,,
72115.0,81052.0,0,,
2023.0,5856.0,0,,
24653.0,25802.0,0,,
5260.0,47366.0,0,,
9992.0,12791.0,0,,
19143.0,14963.0,0,,
1360.0,37392.0,0,,
17434.0,13201.0,0,,
2631.0,25830.0,0,,
4616.0,16918.0,0,,
714.0,937.0,0,,
29413.0,32852.0,0,,
7946.0,13119.0,0,,
4941.0,12816.0,0,,
246.0,50892.0,0,,
1869.0,11320.0,0,,
20528.0,4840.0,0,,
22638.0,53863.0,0,,
7684.0,36396.0,0,,
3601.0,6763.0,0,,
673.0,2013.0,0,,
1307.0,33589.0,0,,
8721.0,19808.0,0,,
1862.0,2808.0,0,,
11966.0,37202.0,0,,
8613.0,12617.0,0,,
1930.0,18867.0,0,,
2515.0,5270.0,0,,
27143.0,63867.0,0,,
5394.0,9281.0,0,,
4437.0,29463.0,0,,
33439.0,33446.0,0,,
3616.0,28410.0,0,,
9237.0,2746.0,0,,
630.0,31700.0,0,,
5363.0,66974.0,0,,
8734.0,10862.0,0,,
3482.0,23835.0,0,,
3245.0,3522.0,0,,
59.0,7946.0,0,,
16719.0,61808.0,0,,
308.0,8320.0,0,,
623.0,17347.0,0,,
10871.0,18297.0,0,,
3673.0,9384.0,0,,
2108.0,2010.0,0,,
6352.0,6910.0,0,,
24098.0,38303.0,0,,
5234.0,3933.0,0,,
7129.0,20720.0,0,,
8930.0,10080.0,0,,
1321.0,28175.0,0,,
13577.0,51828.0,0,,
4391.0,4505.0,0,,
16757.0,10477.0,0,,
999.0,18694.0,0,,
197.0,7842.0,0,,
29890.0,22119.0,0,,
682.0,56121.0,0,,
11663.0,4590.0,0,,
41314.0,21009.0,0,,
22563.0,36899.0,0,,
8656.0,21621.0,0,,
18670.0,42849.0,0,,
1004.0,11433.0,0,,
9296.0,2810.0,0,,
1928.0,21230.0,0,,
3270.0,47473.0,0,,
11947.0,33856.0,0,,
7987.0,40689.0,0,,
2497.0,5236.0,0,,
1632.0,42557.0,0,,
937.0,3160.0,0,,
12296.0,64429.0,0,,
1251.0,50675.0,0,,
1494.0,19201.0,0,,
3455.0,12558.0,0,,
1110.0,20008.0,0,,
626.0,69815.0,0,,
11335.0,7472.0,0,,
28371.0,67472.0,0,,
21396.0,46862.0,0,,
3054.0,22617.0,0,,
12481.0,7614.0,0,,
26327.0,61888.0,0,,
1872.0,16159.0,0,,
31891.0,44042.0,0,,
1426.0,4161.0,0,,
4719.0,50335.0,0,,
1148.0,8482.0,0,,
4565.0,14953.0,0,,
13353.0,29805.0,0,,
19446.0,54844.0,0,,
8403.0,60809.0,0,,
11797.0,9006.0,0,,
11747.0,46322.0,0,,
7799.0,53413.0,0,,
4557.0,49126.0,0,,
2813.0,18546.0,0,,
308.0,8159.0,0,,
1247.0,5189.0,0,,
16582.0,31402.0,0,,
18163.0,13245.0,0,,
10964.0,58248.0,0,,
38380.0,38786.0,0,,
24803.0,3697.0,0,,
23819.0,29317.0,0,,
1730.0,20547.0,0,,
35411.0,69972.0,0,,
5315.0,16088.0,0,,
6874.0,7836.0,0,,
14531.0,20861.0,0,,
7721.0,41101.0,0,,
2023.0,19903.0,0,,
8401.0,8338.0,0,,
10256.0,22058.0,0,,
19714.0,59697.0,0,,
15055.0,37836.0,0,,
4055.0,31776.0,0,,
29001.0,9684.0,0,,
5611.0,11948.0,0,,
2023.0,65476.0,0,,
1426.0,3673.0,0,,
2358.0,6771.0,0,,
3358.0,25391.0,0,,
928.0,4557.0,0,,
109.0,7471.0,0,,
1252.0,6167.0,0,,
24796.0,8448.0,0,,
4003.0,25991.0,0,,
22946.0,26150.0,0,,
16510.0,16370.0,0,,
15913.0,3055.0,0,,
3640.0,2225.0,0,,
14542.0,23993.0,0,,
1484.0,1933.0,0,,
27738.0,27751.0,0,,
32325.0,67742.0,0,,
5363.0,6434.0,0,,
1353.0,4067.0,0,,
176.0,7855.0,0,,
38013.0,17923.0,0,,
9997.0,6743.0,0,,
90.0,46249.0,0,,
29759.0,64208.0,0,,
17389.0,62182.0,0,,
4096.0,18494.0,0,,
30446.0,30471.0,0,,
3100.0,10815.0,0,,
10548.0,52664.0,0,,
179.0,3469.0,0,,
2853.0,31388.0,0,,
3046.0,8856.0,0,,
3190.0,24382.0,0,,
650.0,172.0,0,,
1667.0,13634.0,0,,
1006.0,15472.0,0,,
2406.0,24757.0,0,,
1723.0,24039.0,0,,
21666.0,58066.0,0,,
8123.0,12061.0,0,,
1400.0,40918.0,0,,
18546.0,33920.0,0,,
1054.0,30303.0,0,,
21615.0,17650.0,0,,
20532.0,63609.0,0,,
19384.0,1700.0,0,,
6469.0,26903.0,0,,
1723.0,58325.0,0,,
17685.0,34010.0,0,,
14294.0,60109.0,0,,
3045.0,7988.0,0,,
629.0,28114.0,0,,
4491.0,29380.0,0,,
746.0,26487.0,0,,
1490.0,5053.0,0,,
9816.0,46859.0,0,,
16734.0,8015.0,0,,
1847.0,3627.0,0,,
5113.0,44356.0,0,,
5256.0,15231.0,0,,
11739.0,54105.0,0,,
4295.0,6883.0,0,,
5128.0,9689.0,0,,
7359.0,5481.0,0,,
1371.0,15105.0,0,,
7370.0,4521.0,0,,
2023.0,25235.0,0,,
820.0,8692.0,0,,
42737.0,51828.0,0,,
8674.0,59747.0,0,,
20642.0,14926.0,0,,
1093.0,33751.0,0,,
1078.0,2535.0,0,,
7974.0,27653.0,0,,
6245.0,7304.0,0,,
1792.0,6852.0,0,,
12910.0,22741.0,0,,
3709.0,14050.0,0,,
10401.0,43507.0,0,,
2798.0,80873.0,0,,
6561.0,51715.0,0,,
10747.0,8174.0,0,,
1005.0,4425.0,0,,
1528.0,8337.0,0,,
3355.0,19094.0,0,,
24269.0,29442.0,0,,
8239.0,8697.0,0,,
989.0,5221.0,0,,
1485.0,13331.0,0,,
42597.0,61163.0,0,,
125.0,144.0,0,,
15875.0,13052.0,0,,
35411.0,69987.0,0,,
1382.0,30680.0,0,,
1239.0,19595.0,0,,
433.0,54716.0,0,,
3992.0,6776.0,0,,
6117.0,2719.0,0,,
13255.0,23530.0,0,,
8044.0,5436.0,0,,
38174.0,35250.0,0,,
4443.0,8921.0,0,,
16734.0,20301.0,0,,
13795.0,50800.0,0,,
5927.0,40596.0,0,,
9084.0,62756.0,0,,
531.0,45838.0,0,,
10978.0,11787.0,0,,
18191.0,72479.0,0,,
815.0,5297.0,0,,
4865.0,24349.0,0,,
1173.0,14111.0,0,,
1821.0,25422.0,0,,
1113.0,8513.0,0,,
9380.0,40266.0,0,,
6246.0,31860.0,0,,
1729.0,37354.0,0,,
2153.0,78400.0,0,,
1514.0,2023.0,0,,
5159.0,8037.0,0,,
349.0,27667.0,0,,
10978.0,58233.0,0,,
11731.0,4032.0,0,,
2872.0,17476.0,0,,
17389.0,37837.0,0,,
846.0,7647.0,0,,
25492.0,22784.0,0,,
911.0,60683.0,0,,
2049.0,58334.0,0,,
39770.0,70577.0,0,,
14900.0,6960.0,0,,
36095.0,39530.0,0,,
44746.0,53993.0,0,,
22530.0,13535.0,0,,
845.0,2676.0,0,,
9500.0,13492.0,0,,
517.0,54212.0,0,,
673.0,176.0,0,,
8583.0,26864.0,0,,
33022.0,67504.0,0,,
924.0,28043.0,0,,
1948.0,1914.0,0,,
38330.0,27713.0,0,,
566.0,37091.0,0,,
25345.0,17286.0,0,,
933.0,21990.0,0,,
3395.0,16816.0,0,,
3486.0,28371.0,0,,
819.0,19041.0,0,,
13958.0,33784.0,0,,
3455.0,48713.0,0,,
746.0,16795.0,0,,
5971.0,6219.0,0,,
21666.0,5028.0,0,,
850.0,3246.0,0,,
4.0,21396.0,0,,
331.0,9794.0,0,,
3873.0,32740.0,0,,
45515.0,47507.0,0,,
4951.0,18617.0,0,,
5927.0,13331.0,0,,
1632.0,42567.0,0,,
663.0,824.0,0,,
27127.0,51828.0,0,,
7832.0,10606.0,0,,
5948.0,25633.0,0,,
1711.0,33439.0,0,,
2448.0,70260.0,0,,
20525.0,7841.0,0,,
26407.0,49794.0,0,,
9191.0,69144.0,0,,
26404.0,49794.0,0,,
7599.0,37943.0,0,,
4441.0,8610.0,0,,
37736.0,71243.0,0,,
2268.0,21776.0,0,,
8620.0,12298.0,0,,
6883.0,24313.0,0,,
9791.0,13751.0,0,,
90.0,1799.0,0,,
928.0,45963.0,0,,
3160.0,6800.0,0,,
4957.0,6158.0,0,,
1237.0,8171.0,0,,
1762.0,14255.0,0,,
5094.0,13064.0,0,,
16466.0,8057.0,0,,
1240.0,5781.0,0,,
13217.0,13268.0,0,,
5420.0,29775.0,0,,
7634.0,33769.0,0,,
3536.0,8686.0,0,,
15913.0,24860.0,0,,
10244.0,74066.0,0,,
7645.0,3534.0,0,,
20474.0,22859.0,0,,
17118.0,4296.0,0,,
19775.0,36578.0,0,,
8338.0,2002.0,0,,
11179.0,9796.0,0,,
4921.0,5319.0,0,,
12436.0,8513.0,0,,
28994.0,27078.0,0,,
1658.0,42647.0,0,,
7535.0,22986.0,0,,
531.0,8475.0,0,,
34115.0,33280.0,0,,
1323.0,16199.0,0,,
11670.0,19671.0,0,,
815.0,10005.0,0,,
697.0,8705.0,0,,
6547.0,8837.0,0,,
62.0,36503.0,0,,
8585.0,42432.0,0,,
5773.0,25117.0,0,,
2639.0,46513.0,0,,
2838.0,4016.0,0,,
4590.0,21572.0,0,,
16267.0,7217.0,0,,
8332.0,32270.0,0,,
5076.0,23987.0,0,,
4067.0,5071.0,0,,
296.0,25771.0,0,,
23993.0,44319.0,0,,
2524.0,3630.0,0,,
4883.0,19446.0,0,,
19612.0,18363.0,0,,
62.0,40388.0,0,,
12607.0,47117.0,0,,
15342.0,13998.0,0,,
8731.0,8890.0,0,,
4987.0,27065.0,0,,
15856.0,20919.0,0,,
2895.0,6292.0,0,,
38100.0,3616.0,0,,
1103.0,21315.0,0,,
40769.0,54866.0,0,,
13871.0,28420.0,0,,
13499.0,1545.0,0,,
9243.0,30397.0,0,,
7595.0,2079.0,0,,
13386.0,27579.0,0,,
1289.0,25055.0,0,,
787.0,9811.0,0,,
8227.0,6706.0,0,,
19696.0,11451.0,0,,
14111.0,22101.0,0,,
8852.0,32475.0,0,,
1452.0,6215.0,0,,
25365.0,25370.0,0,,
5506.0,34042.0,0,,
4442.0,3100.0,0,,
5102.0,16917.0,0,,
4443.0,7615.0,0,,
6742.0,18065.0,0,,
36123.0,19449.0,0,,
19940.0,71027.0,0,,
18546.0,62743.0,0,,
26008.0,30776.0,0,,
819.0,5359.0,0,,
46862.0,16904.0,0,,
5468.0,29523.0,0,,
29990.0,29993.0,0,,
850.0,10060.0,0,,
937.0,2906.0,0,,
50.0,10944.0,0,,
3248.0,3549.0,0,,
49310.0,62065.0,0,,
6257.0,5359.0,0,,
69.0,7575.0,0,,
18984.0,18412.0,0,,
26008.0,35956.0,0,,
16316.0,8234.0,0,,
2277.0,8552.0,0,,
253.0,16474.0,0,,
26698.0,12771.0,0,,
7373.0,41935.0,0,,
796.0,18595.0,0,,
12061.0,12200.0,0,,
17818.0,17808.0,0,,
760.0,6871.0,0,,
1365.0,18494.0,0,,
14653.0,58887.0,0,,
12172.0,12111.0,0,,
7687.0,58164.0,0,,
16036.0,58218.0,0,,
9794.0,17036.0,0,,
2631.0,20298.0,0,,
90.0,64358.0,0,,
9786.0,5071.0,0,,
937.0,24471.0,0,,
1703.0,38757.0,0,,
20089.0,25884.0,0,,
1953.0,30864.0,0,,
6706.0,51900.0,0,,
12953.0,5101.0,0,,
1963.0,22002.0,0,,
629.0,22318.0,0,,
1682.0,42702.0,0,,
15856.0,15619.0,0,,
6619.0,10604.0,0,,
1498.0,40722.0,0,,
1268.0,14748.0,0,,
3357.0,6162.0,0,,
8338.0,11361.0,0,,
14507.0,21984.0,0,,
4738.0,5791.0,0,,
1469.0,1514.0,0,,
8143.0,2037.0,0,,
1365.0,1595.0,0,,
2013.0,6485.0,0,,
663.0,5383.0,0,,
4437.0,14105.0,0,,
1514.0,42126.0,0,,
28725.0,35198.0,0,,
10422.0,26969.0,0,,
2503.0,24781.0,0,,
7615.0,18158.0,0,,
50476.0,28965.0,0,,
16465.0,24407.0,0,,
13212.0,60185.0,0,,
36578.0,38578.0,0,,
13362.0,1649.0,0,,
679.0,5689.0,0,,
1673.0,32847.0,0,,
3438.0,13544.0,0,,
5799.0,3403.0,0,,
17386.0,30397.0,0,,
8068.0,10526.0,0,,
872.0,26946.0,0,,
9760.0,14243.0,0,,
25882.0,60010.0,0,,
8261.0,27371.0,0,,
24413.0,6162.0,0,,
851.0,23981.0,0,,
620.0,36078.0,0,,
2079.0,7574.0,0,,
15907.0,20007.0,0,,
919.0,27351.0,0,,
1484.0,5760.0,0,,
35.0,12406.0,0,,
17208.0,6016.0,0,,
1401.0,3569.0,0,,
1635.0,4420.0,0,,
1398.0,2023.0,0,,
6953.0,14900.0,0,,
1930.0,25279.0,0,,
3404.0,8697.0,0,,
23306.0,32960.0,0,,
19612.0,5717.0,0,,
3474.0,33347.0,0,,
4590.0,43994.0,0,,
5799.0,10619.0,0,,
1360.0,43105.0,0,,
5128.0,42259.0,0,,
17208.0,40245.0,0,,
5344.0,42324.0,0,,
678.0,1118.0,0,,
678.0,20975.0,0,,
6167.0,15904.0,0,,
28320.0,13265.0,0,,
7285.0,13672.0,0,,
1635.0,10513.0,0,,
4458.0,38696.0,0,,
27112.0,40141.0,0,,
3709.0,15454.0,0,,
1706.0,4183.0,0,,
678.0,1240.0,0,,
2905.0,4915.0,0,,
930.0,8395.0,0,,
14007.0,5878.0,0,,
1438.0,35359.0,0,,
2406.0,13927.0,0,,
3513.0,42615.0,0,,
48848.0,40474.0,0,,
22617.0,35537.0,0,,
2536.0,59747.0,0,,
6490.0,8270.0,0,,
937.0,14123.0,0,,
3927.0,4059.0,0,,
8701.0,12456.0,0,,
9760.0,10856.0,0,,
2364.0,24653.0,0,,
11223.0,9599.0,0,,
6288.0,21620.0,0,,
8558.0,4822.0,0,,
5010.0,22514.0,0,,
15093.0,15092.0,0,,
1527.0,30342.0,0,,
21453.0,16323.0,0,,
11973.0,7988.0,0,,
27667.0,59948.0,0,,
33022.0,41523.0,0,,
2547.0,3086.0,0,,
13535.0,27816.0,0,,
21767.0,64266.0,0,,
1213.0,12061.0,0,,
6211.0,4385.0,0,,
17177.0,16816.0,0,,
22530.0,4557.0,0,,
3448.0,29196.0,0,,
22098.0,19452.0,0,,
60.0,50849.0,0,,
2065.0,4188.0,0,,
2023.0,7756.0,0,,
988.0,14123.0,0,,
112.0,1518.0,0,,
22198.0,22200.0,0,,
2518.0,45512.0,0,,
13245.0,58227.0,0,,
1252.0,42817.0,0,,
6009.0,38013.0,0,,
3006.0,13293.0,0,,
3618.0,12771.0,0,,
937.0,47185.0,0,,
1310.0,8482.0,0,,
760.0,43645.0,0,,
1382.0,67391.0,0,,
746.0,2002.0,0,,
5702.0,21406.0,0,,
3100.0,40266.0,0,,
7373.0,19675.0,0,,
940.0,1240.0,0,,
8093.0,30342.0,0,,
2558.0,9545.0,0,,
1631.0,10103.0,0,,
30446.0,30455.0,0,,
2120.0,72712.0,0,,
2956.0,23480.0,0,,
6881.0,34716.0,0,,
6434.0,2705.0,0,,
1632.0,3833.0,0,,
3536.0,2038.0,0,,
2333.0,34691.0,0,,
18701.0,23623.0,0,,
3054.0,62933.0,0,,
22025.0,9191.0,0,,
2518.0,7163.0,0,,
16164.0,61547.0,0,,
33022.0,34641.0,0,,
3347.0,52359.0,0,,
4183.0,4625.0,0,,
908.0,9925.0,0,,
23166.0,41701.0,0,,
5364.0,37384.0,0,,
11192.0,7833.0,0,,
5735.0,26490.0,0,,
37631.0,32852.0,0,,
6706.0,29525.0,0,,
653.0,3078.0,0,,
11381.0,20255.0,0,,
10071.0,19710.0,0,,
7373.0,12880.0,0,,
20578.0,71197.0,0,,
13217.0,13243.0,0,,
7304.0,41643.0,0,,
6830.0,34074.0,0,,
2146.0,19605.0,0,,
17179.0,64068.0,0,,
6312.0,46334.0,0,,
47167.0,9289.0,0,,
507.0,30981.0,0,,
11813.0,8909.0,0,,
531.0,21345.0,0,,
4108.0,58325.0,0,,
15914.0,34092.0,0,,
11797.0,34843.0,0,,
10168.0,30273.0,0,,
51803.0,59747.0,0,,
1495.0,10818.0,0,,
48285.0,69850.0,0,,
906.0,61757.0,0,,
14908.0,17412.0,0,,
5366.0,28371.0,0,,
849.0,5623.0,0,,
1755.0,40769.0,0,,
3513.0,10477.0,0,,
14926.0,19940.0,0,,
5408.0,22925.0,0,,
5490.0,50573.0,0,,
2951.0,38556.0,0,,
16734.0,7061.0,0,,
4819.0,14538.0,0,,
9813.0,11639.0,0,,
2280.0,46860.0,0,,
2986.0,12230.0,0,,
5455.0,22607.0,0,,
18214.0,9281.0,0,,
7723.0,10911.0,0,,
2280.0,9282.0,0,,
10168.0,19232.0,0,,
6882.0,16175.0,0,,
1103.0,4970.0,0,,
4387.0,3534.0,0,,
7644.0,6867.0,0,,
30732.0,15974.0,0,,
3694.0,2191.0,0,,
1939.0,4337.0,0,,
3854.0,18510.0,0,,
26908.0,24257.0,0,,
25872.0,27993.0,0,,
1389.0,19416.0,0,,
5431.0,32863.0,0,,
8.0,4753.0,0,,
109.0,27109.0,0,,
27371.0,56139.0,0,,
14782.0,14150.0,0,,
616.0,20811.0,0,,
2280.0,33626.0,0,,
5084.0,30067.0,0,,
17957.0,20172.0,0,,
11611.0,17468.0,0,,
7478.0,16159.0,0,,
12953.0,8234.0,0,,
5281.0,2389.0,0,,
1304.0,3080.0,0,,
5500.0,26688.0,0,,
3531.0,8959.0,0,,
1802.0,16997.0,0,,
3253.0,5856.0,0,,
928.0,5291.0,0,,
9997.0,21493.0,0,,
28320.0,45658.0,0,,
22710.0,12500.0,0,,
692.0,11989.0,0,,
10080.0,16719.0,0,,
2784.0,40772.0,0,,
12118.0,21396.0,0,,
7297.0,13751.0,0,,
860.0,8576.0,0,,
1243.0,7373.0,0,,
19787.0,2343.0,0,,
11411.0,12105.0,0,,
927.0,31386.0,0,,
2076.0,31128.0,0,,
8719.0,32852.0,0,,
11738.0,32873.0,0,,
4057.0,19808.0,0,,
1220.0,7632.0,0,,
7645.0,10718.0,0,,
85.0,11507.0,0,,
6441.0,66842.0,0,,
1731.0,26781.0,0,,
18214.0,31860.0,0,,
3245.0,2922.0,0,,
11663.0,12592.0,0,,
1625.0,12910.0,0,,
1837.0,8332.0,0,,
4255.0,2840.0,0,,
12634.0,18792.0,0,,
8982.0,35411.0,0,,
3455.0,1595.0,0,,
3100.0,47294.0,0,,
1397.0,13226.0,0,,
3070.0,25057.0,0,,
735.0,15203.0,0,,
31860.0,4630.0,0,,
5210.0,11824.0,0,,
869.0,5578.0,0,,
94.0,5299.0,0,,
1201.0,9679.0,0,,
3077.0,21175.0,0,,
4816.0,30904.0,0,,
957.0,14507.0,0,,
4451.0,33547.0,0,,
6706.0,4464.0,0,,
869.0,7626.0,0,,
3245.0,3506.0,0,,
927.0,34903.0,0,,
26677.0,47843.0,0,,
4719.0,18147.0,0,,
11628.0,58859.0,0,,
20640.0,38786.0,0,,
19039.0,5144.0,0,,
653.0,18555.0,0,,
19401.0,63095.0,0,,
5468.0,8612.0,0,,
17208.0,22577.0,0,,
4320.0,7599.0,0,,
29556.0,15077.0,0,,
8702.0,17449.0,0,,
40379.0,45963.0,0,,
24620.0,58214.0,0,,
1504.0,8731.0,0,,
11315.0,13873.0,0,,
3907.0,26409.0,0,,
622.0,1930.0,0,,
13.0,815.0,0,,
746.0,23266.0,0,,
14911.0,23789.0,0,,
6015.0,68024.0,0,,
6677.0,31529.0,0,,
1632.0,42568.0,0,,
11805.0,20863.0,0,,
9891.0,2883.0,0,,
7988.0,18782.0,0,,
8149.0,2232.0,0,,
68.0,26574.0,0,,
17095.0,20847.0,0,,
2373.0,24780.0,0,,
3983.0,5527.0,0,,
10540.0,25863.0,0,,
6881.0,29467.0,0,,
869.0,39315.0,0,,
13091.0,56616.0,0,,
17202.0,44625.0,0,,
2895.0,46899.0,0,,
18721.0,2074.0,0,,
1093.0,8448.0,0,,
914.0,4899.0,0,,
30036.0,40286.0,0,,
5189.0,24968.0,0,,
6850.0,12505.0,0,,
1125.0,2072.0,0,,
4255.0,44204.0,0,,
19492.0,7297.0,0,,
12131.0,14150.0,0,,
869.0,24579.0,0,,
1637.0,42573.0,0,,
12173.0,59246.0,0,,
19474.0,12711.0,0,,
4096.0,6921.0,0,,
7621.0,6485.0,0,,
12172.0,14328.0,0,,
686.0,29355.0,0,,
433.0,46948.0,0,,
653.0,860.0,0,,
1801.0,15051.0,0,,
6770.0,10374.0,0,,
8.0,43765.0,0,,
28321.0,24309.0,0,,
15315.0,2098.0,0,,
10242.0,38693.0,0,,
2635.0,6707.0,0,,
10649.0,47343.0,0,,
7731.0,13217.0,0,,
678.0,9264.0,0,,
29556.0,49582.0,0,,
1490.0,5322.0,0,,
1947.0,11467.0,0,,
12164.0,57411.0,0,,
10055.0,10117.0,0,,
8392.0,24306.0,0,,
641.0,37079.0,0,,
401.0,9009.0,0,,
1471.0,26705.0,0,,
1004.0,1893.0,0,,
31860.0,2788.0,0,,
18585.0,8592.0,0,,
28661.0,5071.0,0,,
26477.0,19983.0,0,,
9359.0,3144.0,0,,
21990.0,12240.0,0,,
919.0,1134.0,0,,
2378.0,37749.0,0,,
31.0,36783.0,0,,
15738.0,22804.0,0,,
683.0,1494.0,0,,
4819.0,38904.0,0,,
1635.0,73489.0,0,,
53682.0,78985.0,0,,
13499.0,36442.0,0,,
5447.0,11623.0,0,,
997.0,23631.0,0,,
14638.0,13212.0,0,,
8585.0,18796.0,0,,
1935.0,73541.0,0,,
8525.0,30397.0,0,,
9238.0,13025.0,0,,
47191.0,51854.0,0,,
8896.0,2093.0,0,,
24620.0,58235.0,0,,
5096.0,68188.0,0,,
661.0,4736.0,0,,
1158.0,5758.0,0,,
1220.0,18412.0,0,,
14531.0,23747.0,0,,
8254.0,2085.0,0,,
26328.0,10670.0,0,,
17434.0,44809.0,0,,
16909.0,24575.0,0,,
534.0,4406.0,0,,
6771.0,51687.0,0,,
14531.0,10066.0,0,,
2448.0,2407.0,0,,
10871.0,25089.0,0,,
4387.0,8029.0,0,,
4738.0,14452.0,0,,
198.0,56331.0,0,,
6112.0,78389.0,0,,
8338.0,7162.0,0,,
1514.0,39175.0,0,,
6770.0,16197.0,0,,
869.0,14990.0,0,,
25792.0,16719.0,0,,
20555.0,7001.0,0,,
10981.0,58325.0,0,,
11223.0,6036.0,0,,
642.0,44548.0,0,,
19983.0,28853.0,0,,
11367.0,22964.0,0,,
2098.0,33403.0,0,,
5519.0,38524.0,0,,
2670.0,46533.0,0,,
888.0,23606.0,0,,
6312.0,20313.0,0,,
8734.0,4075.0,0,,
10797.0,22616.0,0,,
6162.0,41185.0,0,,
12061.0,12122.0,0,,
1930.0,46852.0,0,,
8612.0,11817.0,0,,
5069.0,24323.0,0,,
14900.0,14913.0,0,,
1816.0,7039.0,0,,
5935.0,7988.0,0,,
2415.0,20860.0,0,,
4109.0,2824.0,0,,
13245.0,57408.0,0,,
1030.0,38382.0,0,,
37476.0,29706.0,0,,
21572.0,56596.0,0,,
3350.0,66987.0,0,,
9835.0,8871.0,0,,
19084.0,44746.0,0,,
1240.0,17873.0,0,,
2858.0,10199.0,0,,
17311.0,34140.0,0,,
4669.0,49707.0,0,,
7085.0,8952.0,0,,
13644.0,53322.0,0,,
1514.0,7816.0,0,,
20144.0,9748.0,0,,
1244.0,40198.0,0,,
1332.0,13648.0,0,,
9340.0,77003.0,0,,
18214.0,18497.0,0,,
1952.0,2006.0,0,,
2785.0,3365.0,0,,
1438.0,7006.0,0,,
1280.0,8612.0,0,,
8203.0,6017.0,0,,
21990.0,1679.0,0,,
15940.0,58504.0,0,,
620.0,36079.0,0,,
16036.0,58222.0,0,,
660.0,4523.0,0,,
1819.0,4919.0,0,,
1313.0,452.0,0,,
10278.0,8939.0,0,,
9195.0,56672.0,0,,
21820.0,18403.0,0,,
29001.0,8519.0,0,,
2811.0,8939.0,0,,
5473.0,19338.0,0,,
41080.0,58194.0,0,,
10473.0,38998.0,0,,
23549.0,10079.0,0,,
1342.0,11414.0,0,,
15909.0,1635.0,0,,
8029.0,8556.0,0,,
4303.0,1744.0,0,,
16159.0,3214.0,0,,
1015.0,3441.0,0,,
7163.0,18781.0,0,,
32109.0,59071.0,0,,
31501.0,4332.0,0,,
10763.0,13513.0,0,,
8731.0,41808.0,0,,
14535.0,29687.0,0,,
8385.0,22787.0,0,,
760.0,21199.0,0,,
6167.0,14184.0,0,,
742.0,6014.0,0,,
3780.0,4374.0,0,,
42999.0,57905.0,0,,
845.0,5383.0,0,,
1093.0,21086.0,0,,
8337.0,37392.0,0,,
20811.0,2724.0,0,,
3100.0,10544.0,0,,
807.0,20915.0,0,,
21620.0,12849.0,0,,
8265.0,8656.0,0,,
6230.0,14531.0,0,,
290.0,32270.0,0,,
8241.0,20522.0,0,,
5613.0,7346.0,0,,
18979.0,33014.0,0,,
1247.0,11056.0,0,,
6915.0,28057.0,0,,
3245.0,3363.0,0,,
3140.0,30950.0,0,,
1268.0,8797.0,0,,
2487.0,21779.0,0,,
1763.0,11451.0,0,,
1589.0,7951.0,0,,
17224.0,45814.0,0,,
176.0,3823.0,0,,
1365.0,3634.0,0,,
1803.0,8702.0,0,,
2617.0,3877.0,0,,
25492.0,36512.0,0,,
128.0,60241.0,0,,
5490.0,3679.0,0,,
1360.0,27245.0,0,,
4516.0,7638.0,0,,
1940.0,25035.0,0,,
1837.0,1683.0,0,,
1819.0,5453.0,0,,
6867.0,8269.0,0,,
3078.0,14282.0,0,,
0.0,9826.0,0,,
1107.0,2238.0,0,,
7.0,14627.0,0,,
989.0,1566.0,0,,
107.0,47197.0,0,,
476.0,17736.0,0,,
9422.0,7410.0,0,,
5843.0,40397.0,0,,
10167.0,24421.0,0,,
18497.0,6580.0,0,,
9356.0,31128.0,0,,
8848.0,41438.0,0,,
3139.0,10421.0,0,,
623.0,59768.0,0,,
760.0,25509.0,0,,
21628.0,29163.0,0,,
1389.0,15548.0,0,,
40091.0,11988.0,0,,
8694.0,28974.0,0,,
2785.0,37297.0,0,,
1731.0,45438.0,0,,
11735.0,44638.0,0,,
6172.0,19079.0,0,,
23237.0,1632.0,0,,
4491.0,36176.0,0,,
18630.0,13414.0,0,,
31034.0,63295.0,0,,
6955.0,2171.0,0,,
47519.0,77625.0,0,,
11148.0,13495.0,0,,
13037.0,31858.0,0,,
9062.0,28134.0,0,,
6331.0,18985.0,0,,
3746.0,39544.0,0,,
1926.0,343.0,0,,
9022.0,12505.0,0,,
1763.0,18798.0,0,,
12528.0,58334.0,0,,
8654.0,57370.0,0,,
5319.0,47343.0,0,,
8068.0,10297.0,0,,
10285.0,29524.0,0,,
10112.0,43486.0,0,,
4578.0,10747.0,0,,
1484.0,17719.0,0,,
15209.0,12771.0,0,,
1063.0,2547.0,0,,
6486.0,23877.0,0,,
21673.0,16719.0,0,,
3078.0,15002.0,0,,
7588.0,4512.0,0,,
1439.0,183.0,0,,
1710.0,63644.0,0,,
12212.0,12061.0,0,,
1304.0,35411.0,0,,
3415.0,33607.0,0,,
15586.0,15031.0,0,,
916.0,36715.0,0,,
16373.0,40762.0,0,,
2853.0,18543.0,0,,
90.0,37458.0,0,,
2558.0,433.0,0,,
343.0,1852.0,0,,
4802.0,26700.0,0,,
1730.0,19239.0,0,,
1005.0,1471.0,0,,
18681.0,18093.0,0,,
8037.0,12302.0,0,,
8705.0,36442.0,0,,
1240.0,1952.0,0,,
3188.0,44420.0,0,,
10613.0,64758.0,0,,
3245.0,2121.0,0,,
15139.0,32825.0,0,,
3523.0,20825.0,0,,
13245.0,56331.0,0,,
2633.0,57890.0,0,,
2618.0,5081.0,0,,
2110.0,41502.0,0,,
15643.0,15711.0,0,,
19612.0,20135.0,0,,
18673.0,25618.0,0,,
1679.0,20709.0,0,,
694.0,11021.0,0,,
11504.0,28846.0,0,,
10818.0,10421.0,0,,
1310.0,3347.0,0,,
10984.0,13245.0,0,,
3363.0,72064.0,0,,
28632.0,18494.0,0,,
6834.0,9278.0,0,,
2477.0,25126.0,0,,
5498.0,18494.0,0,,
7309.0,24835.0,0,,
3378.0,38766.0,0,,
5688.0,29099.0,0,,
25527.0,16552.0,0,,
8.0,15913.0,0,,
6298.0,5322.0,0,,
5169.0,58363.0,0,,
4387.0,26872.0,0,,
26487.0,6225.0,0,,
3382.0,26339.0,0,,
544.0,6499.0,0,,
11816.0,22113.0,0,,
11065.0,5460.0,0,,
5267.0,29918.0,0,,
27784.0,24548.0,0,,
1576.0,12061.0,0,,
3955.0,25863.0,0,,
5867.0,73694.0,0,,
8925.0,31431.0,0,,
896.0,4621.0,0,,
18751.0,23761.0,0,,
10445.0,38866.0,0,,
14299.0,3614.0,0,,
5096.0,25915.0,0,,
26008.0,65835.0,0,,
683.0,28744.0,0,,
8338.0,46948.0,0,,
6139.0,35411.0,0,,
2619.0,20830.0,0,,
8600.0,17686.0,0,,
6301.0,6842.0,0,,
16510.0,12896.0,0,,
4816.0,9298.0,0,,
40341.0,44519.0,0,,
3355.0,1632.0,0,,
21476.0,54728.0,0,,
671.0,25684.0,0,,
1658.0,5847.0,0,,
4199.0,6234.0,0,,
2785.0,46662.0,0,,
14926.0,16164.0,0,,
1014.0,28134.0,0,,
5076.0,9273.0,0,,
31700.0,3404.0,0,,
1958.0,3616.0,0,,
6158.0,29530.0,0,,
40344.0,50913.0,0,,
2225.0,23618.0,0,,
1635.0,12233.0,0,,
36777.0,17916.0,0,,
976.0,6913.0,0,,
1490.0,7455.0,0,,
2806.0,46718.0,0,,
4337.0,1634.0,0,,
1125.0,42290.0,0,,
21990.0,12103.0,0,,
2991.0,21027.0,0,,
21998.0,47162.0,0,,
5527.0,38343.0,0,,
3770.0,11995.0,0,,
6877.0,26906.0,0,,
2757.0,22375.0,0,,
25086.0,41954.0,0,,
308.0,31691.0,0,,
1052.0,62371.0,0,,
11519.0,11490.0,0,,
2068.0,32863.0,0,,
5441.0,7827.0,0,,
38807.0,27576.0,0,,
5060.0,6752.0,0,,
12225.0,25341.0,0,,
922.0,25687.0,0,,
11739.0,33427.0,0,,
6162.0,13255.0,0,,
2423.0,14908.0,0,,
79.0,3176.0,0,,
1929.0,29355.0,0,,
90.0,72299.0,0,,
845.0,22452.0,0,,
12436.0,45938.0,0,,
4255.0,14221.0,0,,
412.0,21396.0,0,,
5894.0,48557.0,0,,
1492.0,8329.0,0,,
5571.0,5580.0,0,,
14395.0,60764.0,0,,
1646.0,42613.0,0,,
9821.0,5315.0,0,,
34326.0,34319.0,0,,
1929.0,20719.0,0,,
24986.0,22331.0,0,,
10871.0,3364.0,0,,
3586.0,38651.0,0,,
1382.0,31529.0,0,,
25492.0,10372.0,0,,
28984.0,29425.0,0,,
9974.0,38634.0,0,,
29423.0,36930.0,0,,
12164.0,13988.0,0,,
6763.0,7640.0,0,,
1240.0,6360.0,0,,
39151.0,58043.0,0,,
7805.0,15996.0,0,,
1310.0,27784.0,0,,
17785.0,5884.0,0,,
11480.0,1676.0,0,,
1128.0,17604.0,0,,
395.0,23544.0,0,,
5999.0,25090.0,0,,
9679.0,42501.0,0,,
18484.0,54054.0,0,,
42935.0,29653.0,0,,
27356.0,51828.0,0,,
807.0,20245.0,0,,
1307.0,1511.0,0,,
850.0,924.0,0,,
1485.0,1913.0,0,,
4341.0,28187.0,0,,
6850.0,13217.0,0,,
8921.0,30036.0,0,,
2488.0,16853.0,0,,
2477.0,4391.0,0,,
32270.0,28416.0,0,,
63356.0,75648.0,0,,
4513.0,23993.0,0,,
16159.0,3047.0,0,,
6618.0,3732.0,0,,
869.0,12704.0,0,,
7373.0,22913.0,0,,
9149.0,66137.0,0,,
7576.0,48406.0,0,,
60.0,7537.0,0,,
19451.0,16719.0,0,,
27141.0,32319.0,0,,
51580.0,69191.0,0,,
24653.0,19512.0,0,,
15994.0,2161.0,0,,
1935.0,51164.0,0,,
531.0,17841.0,0,,
1631.0,29184.0,0,,
42817.0,54461.0,0,,
8490.0,1667.0,0,,
33077.0,32574.0,0,,
2120.0,19069.0,0,,
1494.0,19208.0,0,,
6683.0,51886.0,0,,
18511.0,61969.0,0,,
8602.0,41701.0,0,,
1323.0,25771.0,0,,
6125.0,37209.0,0,,
2403.0,31128.0,0,,
16647.0,16850.0,0,,
8178.0,43223.0,0,,
32159.0,35528.0,0,,
3417.0,25816.0,0,,
30.0,81169.0,0,,
5225.0,8735.0,0,,
17769.0,27950.0,0,,
11816.0,15019.0,0,,
10461.0,3697.0,0,,
925.0,4374.0,0,,
1461.0,8633.0,0,,
1930.0,25830.0,0,,
12994.0,7632.0,0,,
5368.0,11583.0,0,,
9238.0,8898.0,0,,
12634.0,31353.0,0,,
4098.0,30467.0,0,,
17962.0,3585.0,0,,
8694.0,25593.0,0,,
11477.0,62409.0,0,,
120.0,4557.0,0,,
3377.0,22291.0,0,,
1439.0,40268.0,0,,
337.0,44615.0,0,,
1439.0,5786.0,0,,
5414.0,50461.0,0,,
1001.0,14843.0,0,,
1723.0,44199.0,0,,
1105.0,24653.0,0,,
7832.0,20158.0,0,,
14209.0,11836.0,0,,
15277.0,30223.0,0,,
2161.0,21001.0,0,,
18680.0,30763.0,0,,
4617.0,25117.0,0,,
21.0,13293.0,0,,
2518.0,5221.0,0,,
37749.0,51564.0,0,,
1140.0,60760.0,0,,
8241.0,8257.0,0,,
10949.0,2108.0,0,,
43486.0,28965.0,0,,
4816.0,2248.0,0,,
2881.0,46863.0,0,,
2208.0,13904.0,0,,
3100.0,17963.0,0,,
7645.0,9650.0,0,,
10595.0,9490.0,0,,
6125.0,72163.0,0,,
433.0,13544.0,0,,
6331.0,503.0,0,,
2936.0,16554.0,0,,
6872.0,9833.0,0,,
15234.0,9833.0,0,,
8765.0,30321.0,0,,
1313.0,40419.0,0,,
11179.0,10543.0,0,,
2013.0,7762.0,0,,
115.0,19714.0,0,,
60833.0,71541.0,0,,
2225.0,5621.0,0,,
33915.0,1947.0,0,,
3055.0,21453.0,0,,
2829.0,28239.0,0,,
5689.0,50800.0,0,,
10890.0,77286.0,0,,
851.0,6494.0,0,,
8585.0,25619.0,0,,
551.0,5571.0,0,,
1461.0,23470.0,0,,
2497.0,14894.0,0,,
9835.0,25114.0,0,,
3055.0,34319.0,0,,
13622.0,54258.0,0,,
5625.0,36578.0,0,,
4387.0,51897.0,0,,
551.0,71334.0,0,,
22102.0,39098.0,0,,
4049.0,16737.0,0,,
17808.0,17820.0,0,,
8227.0,22102.0,0,,
10965.0,44624.0,0,,
3534.0,16862.0,0,,
2023.0,54876.0,0,,
29642.0,24595.0,0,,
5236.0,50135.0,0,,
885.0,60670.0,0,,
5447.0,6763.0,0,,
28984.0,4339.0,0,,
48557.0,33710.0,0,,
1935.0,7727.0,0,,
25117.0,27706.0,0,,
1174.0,551.0,0,,
4368.0,9379.0,0,,
6237.0,15913.0,0,,
44908.0,58055.0,0,,
20643.0,21624.0,0,,
3079.0,3388.0,0,,
1001.0,7471.0,0,,
2013.0,9237.0,0,,
1161.0,1924.0,0,,
5735.0,20861.0,0,,
5698.0,14816.0,0,,
22620.0,24859.0,0,,
1329.0,5049.0,0,,
1201.0,7605.0,0,,
10543.0,9297.0,0,,
28102.0,25157.0,0,,
6056.0,18252.0,0,,
25527.0,34728.0,0,,
26024.0,59931.0,0,,
21750.0,4448.0,0,,
11219.0,3196.0,0,,
36127.0,63704.0,0,,
651.0,8953.0,0,,
1646.0,3474.0,0,,
940.0,10869.0,0,,
3218.0,18681.0,0,,
1737.0,42806.0,0,,
3544.0,47867.0,0,,
7640.0,47270.0,0,,
2163.0,43559.0,0,,
7478.0,11381.0,0,,
776.0,8392.0,0,,
51828.0,76752.0,0,,
1167.0,5490.0,0,,
50.0,4941.0,0,,
10058.0,22402.0,0,,
2238.0,26857.0,0,,
26348.0,50165.0,0,,
7933.0,12059.0,0,,
2914.0,45400.0,0,,
8061.0,50994.0,0,,
2013.0,39691.0,0,,
8545.0,12617.0,0,,
2923.0,41337.0,0,,
938.0,42999.0,0,,
7951.0,23335.0,0,,
1471.0,2204.0,0,,
4353.0,15468.0,0,,
787.0,30446.0,0,,
30710.0,47995.0,0,,
9679.0,10928.0,0,,
182.0,9891.0,0,,
9250.0,29524.0,0,,
1227.0,5490.0,0,,
50.0,937.0,0,,
1494.0,12910.0,0,,
1438.0,14494.0,0,,
1469.0,41219.0,0,,
13217.0,13252.0,0,,
4595.0,8293.0,0,,
19349.0,1941.0,0,,
16734.0,55348.0,0,,
3217.0,22617.0,0,,
2477.0,67817.0,0,,
2120.0,7587.0,0,,
30028.0,16719.0,0,,
42798.0,66906.0,0,,
8343.0,6630.0,0,,
986.0,6042.0,0,,
9729.0,1637.0,0,,
20643.0,57120.0,0,,
2956.0,23455.0,0,,
170.0,5535.0,0,,
17712.0,32669.0,0,,
3887.0,23793.0,0,,
10604.0,23014.0,0,,
113.0,27136.0,0,,
787.0,3289.0,0,,
25872.0,14352.0,0,,
911.0,16193.0,0,,
1720.0,17389.0,0,,
6683.0,20164.0,0,,
4454.0,19724.0,0,,
846.0,5322.0,0,,
1935.0,36593.0,0,,
1297.0,11739.0,0,,
1280.0,8925.0,0,,
5025.0,44006.0,0,,
1935.0,11127.0,0,,
13265.0,72060.0,0,,
25884.0,26420.0,0,,
16757.0,6645.0,0,,
11989.0,59078.0,0,,
9809.0,1658.0,0,,
38756.0,46855.0,0,,
8561.0,21097.0,0,,
433.0,13593.0,0,,
20935.0,11760.0,0,,
1471.0,19733.0,0,,
1167.0,1498.0,0,,
31753.0,3368.0,0,,
3246.0,7619.0,0,,
5128.0,58234.0,0,,
35347.0,73160.0,0,,
1493.0,16321.0,0,,
12641.0,18074.0,0,,
10332.0,31555.0,0,,
9171.0,8576.0,0,,
19714.0,22299.0,0,,
1480.0,23993.0,0,,
845.0,2308.0,0,,
10636.0,75793.0,0,,
20477.0,33710.0,0,,
30446.0,8051.0,0,,
646.0,26691.0,0,,
16228.0,3054.0,0,,
1631.0,52066.0,0,,
12771.0,38750.0,0,,
1514.0,15464.0,0,,
4454.0,25012.0,0,,
7727.0,43113.0,0,,
8227.0,21867.0,0,,
928.0,1913.0,0,,
11739.0,2022.0,0,,
1858.0,12021.0,0,,
7645.0,31858.0,0,,
3541.0,17434.0,0,,
4592.0,25057.0,0,,
24167.0,65108.0,0,,
85.0,1706.0,0,,
26334.0,40482.0,0,,
1731.0,11219.0,0,,
1268.0,4909.0,0,,
28739.0,4541.0,0,,
20154.0,45805.0,0,,
9821.0,22334.0,0,,
2733.0,10829.0,0,,
916.0,2852.0,0,,
27078.0,38665.0,0,,
2280.0,2139.0,0,,
1528.0,4914.0,0,,
6561.0,51702.0,0,,
6706.0,51907.0,0,,
46713.0,76115.0,0,,
6537.0,3580.0,0,,
5862.0,49478.0,0,,
3437.0,8513.0,0,,
629.0,4059.0,0,,
5285.0,50284.0,0,,
4816.0,3419.0,0,,
26150.0,28160.0,0,,
850.0,26906.0,0,,
2518.0,11562.0,0,,
1928.0,21820.0,0,,
26450.0,3868.0,0,,
2068.0,11797.0,0,,
176.0,56066.0,0,,
678.0,4845.0,0,,
13795.0,37198.0,0,,
32852.0,38844.0,0,,
17998.0,70133.0,0,,
5285.0,19618.0,0,,
1343.0,22270.0,0,,
2503.0,38823.0,0,,
176.0,6024.0,0,,
1730.0,27371.0,0,,
1570.0,17006.0,0,,
7004.0,31386.0,0,,
1551.0,3037.0,0,,
3401.0,14446.0,0,,
905.0,3566.0,0,,
7444.0,21620.0,0,,
7693.0,53338.0,0,,
4025.0,26487.0,0,,
1635.0,12105.0,0,,
10006.0,26712.0,0,,
9414.0,21208.0,0,,
8654.0,3076.0,0,,
2785.0,41528.0,0,,
679.0,27777.0,0,,
13096.0,8860.0,0,,
916.0,8217.0,0,,
14694.0,1558.0,0,,
1499.0,17738.0,0,,
7182.0,39948.0,0,,
9137.0,11155.0,0,,
976.0,11414.0,0,,
1763.0,5408.0,0,,
860.0,9235.0,0,,
11381.0,12793.0,0,,
21396.0,1688.0,0,,
4704.0,10762.0,0,,
2866.0,21620.0,0,,
2790.0,28321.0,0,,
18721.0,28418.0,0,,
10987.0,58325.0,0,,
64208.0,68773.0,0,,
14355.0,22219.0,0,,
8444.0,22617.0,0,,
9830.0,14255.0,0,,
2010.0,39624.0,0,,
5174.0,4579.0,0,,
10911.0,5815.0,0,,
4323.0,7634.0,0,,
601.0,17233.0,0,,
19583.0,9037.0,0,,
8139.0,53760.0,0,,
256.0,25510.0,0,,
1355.0,40931.0,0,,
7191.0,4844.0,0,,
8030.0,5189.0,0,,
10911.0,48247.0,0,,
3123.0,14277.0,0,,
801.0,18128.0,0,,
11308.0,10396.0,0,,
3994.0,5071.0,0,,
1498.0,13019.0,0,,
35623.0,35628.0,0,,
1522.0,63497.0,0,,
17389.0,58925.0,0,,
19259.0,6434.0,0,,
20640.0,35839.0,0,,
8762.0,60502.0,0,,
1375.0,13384.0,0,,
1589.0,42773.0,0,,
2518.0,433.0,0,,
21521.0,49036.0,0,,
8395.0,5315.0,0,,
3437.0,40753.0,0,,
109.0,10201.0,0,,
1152.0,65476.0,0,,
11816.0,37154.0,0,,
922.0,8774.0,0,,
18838.0,18156.0,0,,
9729.0,34357.0,0,,
1035.0,1585.0,0,,
31128.0,34306.0,0,,
6167.0,20579.0,0,,
10758.0,4809.0,0,,
5898.0,49639.0,0,,
4451.0,8104.0,0,,
2899.0,7129.0,0,,
20898.0,16175.0,0,,
10176.0,19688.0,0,,
10604.0,44430.0,0,,
10609.0,25541.0,0,,
8558.0,22793.0,0,,
1517.0,44265.0,0,,
8575.0,71854.0,0,,
5426.0,12293.0,0,,
995.0,31776.0,0,,
5613.0,11808.0,0,,
4569.0,3569.0,0,,
20239.0,3673.0,0,,
3503.0,11829.0,0,,
9776.0,27931.0,0,,
5363.0,5843.0,0,,
1499.0,1923.0,0,,
30446.0,30476.0,0,,
8746.0,45965.0,0,,
2358.0,2758.0,0,,
433.0,3806.0,0,,
2013.0,5075.0,0,,
7370.0,4073.0,0,,
1628.0,49639.0,0,,
1100.0,14463.0,0,,
25029.0,11966.0,0,,
3283.0,17118.0,0,,
15506.0,8850.0,0,,
17389.0,4020.0,0,,
4621.0,10897.0,0,,
3218.0,22365.0,0,,
8.0,2732.0,0,,
16428.0,53991.0,0,,
6942.0,1520.0,0,,
1482.0,6086.0,0,,
10262.0,31860.0,0,,
4096.0,11378.0,0,,
3709.0,15467.0,0,,
9459.0,6331.0,0,,
23119.0,56801.0,0,,
1249.0,30046.0,0,,
3503.0,4557.0,0,,
847.0,5479.0,0,,
3251.0,151.0,0,,
2490.0,31776.0,0,,
16816.0,9939.0,0,,
3666.0,13395.0,0,,
164.0,7644.0,0,,
2065.0,2049.0,0,,
8.0,884.0,0,,
3732.0,31354.0,0,,
1132.0,35552.0,0,,
13930.0,60549.0,0,,
8694.0,30189.0,0,,
1065.0,14619.0,0,,
4458.0,7618.0,0,,
73199.0,73200.0,0,,
231.0,21905.0,0,,
1152.0,23993.0,0,,
29642.0,8693.0,0,,
1649.0,42622.0,0,,
1921.0,41101.0,0,,
847.0,23373.0,0,,
10488.0,16402.0,0,,
1140.0,48557.0,0,,
39439.0,66420.0,0,,
107.0,22101.0,0,,
1004.0,11425.0,0,,
13432.0,70301.0,0,,
15505.0,5368.0,0,,
4458.0,26197.0,0,,
8338.0,19508.0,0,,
11219.0,15055.0,0,,
168.0,20719.0,0,,
10244.0,38749.0,0,,
16734.0,17528.0,0,,
13081.0,9180.0,0,,
15585.0,27214.0,0,,
29775.0,4788.0,0,,
9368.0,40253.0,0,,
39968.0,6255.0,0,,
3417.0,22002.0,0,,
12595.0,21795.0,0,,
3290.0,21990.0,0,,
6056.0,40695.0,0,,
12454.0,2390.0,0,,
43212.0,30240.0,0,,
621.0,14188.0,0,,
17918.0,17929.0,0,,
4189.0,43270.0,0,,
6871.0,9057.0,0,,
4521.0,26694.0,0,,
18979.0,33697.0,0,,
2899.0,13615.0,0,,
12770.0,22777.0,0,,
5516.0,6011.0,0,,
12505.0,37066.0,0,,
8694.0,1579.0,0,,
2899.0,8108.0,0,,
5583.0,6799.0,0,,
1953.0,7742.0,0,,
15002.0,12771.0,0,,
4391.0,4526.0,0,,
2490.0,32270.0,0,,
1830.0,76619.0,0,,
8221.0,18680.0,0,,
6056.0,11446.0,0,,
109.0,27101.0,0,,
9511.0,57021.0,0,,
17957.0,20158.0,0,,
7640.0,16209.0,0,,
1570.0,3544.0,0,,
1441.0,50818.0,0,,
526.0,512.0,0,,
27141.0,27696.0,0,,
3046.0,31633.0,0,,
26150.0,41827.0,0,,
2506.0,27667.0,0,,
2049.0,5310.0,0,,
33471.0,39322.0,0,,
1942.0,13245.0,0,,
8109.0,16403.0,0,,
13052.0,29380.0,0,,
31529.0,48081.0,0,,
13092.0,9507.0,0,,
45958.0,54800.0,0,,
7832.0,20171.0,0,,
3445.0,15486.0,0,,
476.0,10120.0,0,,
438.0,29709.0,0,,
10006.0,57331.0,0,,
10619.0,35337.0,0,,
14503.0,35684.0,0,,
1268.0,31484.0,0,,
35.0,46829.0,0,,
937.0,39644.0,0,,
29862.0,29775.0,0,,
179.0,8899.0,0,,
35312.0,12911.0,0,,
3827.0,23252.0,0,,
531.0,14109.0,0,,
28134.0,58259.0,0,,
3088.0,46343.0,0,,
2364.0,20642.0,0,,
6683.0,11031.0,0,,
7615.0,2007.0,0,,
1429.0,11059.0,0,,
919.0,6374.0,0,,
6751.0,8896.0,0,,
15406.0,41017.0,0,,
197.0,59747.0,0,,
1895.0,77002.0,0,,
7980.0,13754.0,0,,
1447.0,15986.0,0,,
8535.0,4397.0,0,,
873.0,12793.0,0,,
59.0,78414.0,0,,
433.0,32049.0,0,,
940.0,11816.0,0,,
7182.0,6984.0,0,,
2811.0,18698.0,0,,
11816.0,16422.0,0,,
8388.0,54028.0,0,,
527.0,33119.0,0,,
50.0,7935.0,0,,
19236.0,1649.0,0,,
23880.0,32739.0,0,,
5128.0,16798.0,0,,
5132.0,24987.0,0,,
4343.0,49639.0,0,,
1935.0,60532.0,0,,
19401.0,9643.0,0,,
10209.0,3270.0,0,,
495.0,4454.0,0,,
895.0,18478.0,0,,
13634.0,19983.0,0,,
12910.0,19348.0,0,,
2676.0,1802.0,0,,
2798.0,3100.0,0,,
21093.0,65678.0,0,,
1310.0,28332.0,0,,
12196.0,57372.0,0,,
256.0,11532.0,0,,
9809.0,47956.0,0,,
1309.0,40390.0,0,,
16771.0,5131.0,0,,
161.0,24657.0,0,,
711.0,49707.0,0,,
4454.0,10102.0,0,,
5597.0,13871.0,0,,
9729.0,20803.0,0,,
11611.0,58535.0,0,,
769.0,4691.0,0,,
12617.0,4855.0,0,,
28248.0,16816.0,0,,
2415.0,20640.0,0,,
18484.0,42573.0,0,,
1928.0,2640.0,0,,
10529.0,11824.0,0,,
6729.0,7638.0,0,,
85.0,21750.0,0,,
1635.0,6168.0,0,,
36816.0,12771.0,0,,
33502.0,16202.0,0,,
3531.0,64913.0,0,,
6625.0,7624.0,0,,
1493.0,7725.0,0,,
620.0,12328.0,0,,
2784.0,5398.0,0,,
1646.0,11436.0,0,,
12235.0,12061.0,0,,
6818.0,41080.0,0,,
18191.0,6574.0,0,,
12953.0,37167.0,0,,
17447.0,62212.0,0,,
7772.0,9044.0,0,,
1146.0,5945.0,0,,
10559.0,11507.0,0,,
12722.0,79837.0,0,,
14908.0,31143.0,0,,
662.0,8886.0,0,,
9235.0,1646.0,0,,
10859.0,32972.0,0,,
14294.0,53676.0,0,,
7984.0,38056.0,0,,
3054.0,39397.0,0,,
13078.0,69232.0,0,,
2811.0,2782.0,0,,
8480.0,2415.0,0,,
4375.0,39613.0,0,,
2851.0,49378.0,0,,
3677.0,14823.0,0,,
15424.0,61234.0,0,,
26193.0,8783.0,0,,
3264.0,17036.0,0,,
3617.0,30697.0,0,,
6881.0,18207.0,0,,
10846.0,67340.0,0,,
4349.0,16272.0,0,,
24401.0,28371.0,0,,
2899.0,66101.0,0,,
5075.0,29501.0,0,,
37982.0,8260.0,0,,
16159.0,2819.0,0,,
28916.0,29775.0,0,,
67.0,2640.0,0,,
1677.0,13075.0,0,,
35236.0,57645.0,0,,
8196.0,30741.0,0,,
501.0,22002.0,0,,
10871.0,58114.0,0,,
14463.0,40322.0,0,,
13481.0,1672.0,0,,
10747.0,30109.0,0,,
7122.0,31209.0,0,,
2013.0,4951.0,0,,
1471.0,5169.0,0,,
4303.0,3451.0,0,,
21521.0,29512.0,0,,
1734.0,9281.0,0,,
19986.0,5490.0,0,,
531.0,32124.0,0,,
9893.0,43994.0,0,,
13245.0,58757.0,0,,
2730.0,3773.0,0,,
29269.0,30413.0,0,,
2037.0,33329.0,0,,
14914.0,25989.0,0,,
25029.0,19156.0,0,,
4391.0,4542.0,0,,
9732.0,59747.0,0,,
11819.0,7550.0,0,,
16592.0,20206.0,0,,
29556.0,26408.0,0,,
1631.0,10332.0,0,,
2491.0,10787.0,0,,
1495.0,10998.0,0,,
36578.0,70739.0,0,,
1544.0,21826.0,0,,
39706.0,15535.0,0,,
192.0,7645.0,0,,
3534.0,22293.0,0,,
10182.0,10937.0,0,,
17236.0,62040.0,0,,
13217.0,13269.0,0,,
1475.0,1664.0,0,,
25492.0,54798.0,0,,
1239.0,30782.0,0,,
5689.0,2139.0,0,,
8.0,11709.0,0,,
4496.0,47302.0,0,,
5197.0,64391.0,0,,
18680.0,32662.0,0,,
1643.0,13397.0,0,,
1805.0,5299.0,0,,
9765.0,16719.0,0,,
2876.0,44834.0,0,,
4443.0,11414.0,0,,
6331.0,4621.0,0,,
1729.0,5774.0,0,,
6056.0,1952.0,0,,
9978.0,31055.0,0,,
,,1,17682.0,22189.0
,,1,973.0,2577.0
,,1,1319.0,68242.0
,,1,1255.0,5166.0
,,1,1964.0,49957.0
,,1,10485.0,25850.0
,,1,47.0,14942.0
,,1,626.0,8970.0
,,1,5605.0,38985.0
,,1,5179.0,1833.0
,,1,4930.0,3176.0
,,1,906.0,2002.0
,,1,15242.0,47184.0
,,1,1544.0,46007.0
,,1,4295.0,12994.0
,,1,80.0,66680.0
,,1,980.0,18708.0
,,1,1507.0,1605.0
,,1,10473.0,6598.0
,,1,6268.0,67618.0
,,1,5654.0,27314.0
,,1,3806.0,55474.0
,,1,29229.0,52861.0
,,1,54993.0,78007.0
,,1,7108.0,57322.0
,,1,7758.0,15013.0
,,1,8381.0,5063.0
,,1,1083.0,9871.0
,,1,26190.0,25864.0
,,1,3640.0,8518.0
,,1,1072.0,25998.0
,,1,80.0,2571.0
,,1,2277.0,3744.0
,,1,30865.0,59176.0
,,1,11138.0,32945.0
,,1,8159.0,5755.0
,,1,34038.0,56791.0
,,1,2238.0,61755.0
,,1,347.0,4013.0
,,1,4968.0,30618.0
,,1,1829.0,42952.0
,,1,25847.0,4841.0
,,1,574.0,25266.0
,,1,1083.0,42747.0
,,1,13985.0,3456.0
,,1,989.0,6135.0
,,1,16535.0,61741.0
,,1,19507.0,34302.0
,,1,10974.0,17118.0
,,1,6149.0,36674.0
,,1,79296.0,79297.0
,,1,19825.0,34359.0
,,1,18293.0,52352.0
,,1,750.0,11366.0
,,1,2304.0,10232.0
,,1,3129.0,37496.0
,,1,52599.0,52600.0
,,1,8525.0,20612.0
,,1,7626.0,5866.0
,,1,36060.0,3127.0
,,1,5446.0,24111.0
,,1,4816.0,30872.0
,,1,10783.0,78019.0
,,1,26291.0,6124.0
,,1,971.0,15798.0
,,1,8203.0,8295.0
,,1,4757.0,34001.0
,,1,5460.0,50521.0
,,1,11162.0,36140.0
,,1,1967.0,47956.0
,,1,13019.0,3769.0
,,1,80.0,66341.0
,,1,15035.0,33129.0
,,1,2417.0,11942.0
,,1,1361.0,2277.0
,,1,4056.0,34584.0
,,1,1000.0,1193.0
,,1,9625.0,38396.0
,,1,1438.0,37887.0
,,1,1426.0,4387.0
,,1,22066.0,42809.0
,,1,38.0,12257.0
,,1,47.0,17161.0
,,1,19102.0,1516.0
,,1,9389.0,36717.0
,,1,670.0,18956.0
,,1,31.0,30044.0
,,1,29850.0,35760.0
,,1,922.0,11646.0
,,1,175.0,7023.0
,,1,10209.0,57475.0
,,1,14015.0,13147.0
,,1,2060.0,67726.0
,,1,1240.0,2355.0
,,1,5165.0,46085.0
,,1,49389.0,50587.0
,,1,21212.0,24294.0
,,1,995.0,52192.0
,,1,16584.0,38830.0
,,1,4963.0,25029.0
,,1,2780.0,5654.0
,,1,9552.0,61524.0
,,1,1001.0,15138.0
,,1,3716.0,21867.0
,,1,641.0,10457.0
,,1,17671.0,32421.0
,,1,1125.0,44982.0
,,1,1032.0,2418.0
,,1,663.0,23929.0
,,1,3379.0,5889.0
,,1,1706.0,19730.0
,,1,3575.0,6109.0
,,1,4914.0,29442.0
,,1,11611.0,7207.0
,,1,641.0,2812.0
,,1,11217.0,19146.0
,,1,1005.0,7348.0
,,1,6135.0,13309.0
,,1,16652.0,20982.0
,,1,1247.0,6663.0
,,1,1213.0,6945.0
,,1,8818.0,10531.0
,,1,29349.0,37193.0
,,1,1120.0,39956.0
,,1,2440.0,13268.0
,,1,19807.0,19814.0
,,1,5041.0,7706.0
,,1,614.0,10619.0
,,1,4621.0,14845.0
,,1,80.0,12509.0
,,1,1252.0,17036.0
,,1,4375.0,2546.0
,,1,10754.0,13706.0
,,1,32106.0,77078.0
,,1,7742.0,5958.0
,,1,17467.0,36694.0
,,1,3030.0,9736.0
,,1,911.0,1227.0
,,1,39828.0,31126.0
,,1,31009.0,4870.0
,,1,2986.0,47158.0
,,1,1563.0,7437.0
,,1,989.0,10937.0
,,1,112.0,4825.0
,,1,3217.0,27792.0
,,1,9742.0,19981.0
,,1,629.0,17543.0
,,1,9235.0,37130.0
,,1,660.0,25345.0
,,1,16376.0,16405.0
,,1,2861.0,7227.0
,,1,36671.0,19071.0
,,1,79.0,7018.0
,,1,911.0,39579.0
,,1,4321.0,11933.0
,,1,3702.0,9855.0
,,1,1616.0,47871.0
,,1,48831.0,63622.0
,,1,8914.0,6900.0
,,1,47.0,22012.0
,,1,20784.0,8754.0
,,1,1213.0,6829.0
,,1,6025.0,21637.0
,,1,2812.0,26955.0
,,1,3609.0,7167.0
,,1,526.0,19139.0
,,1,3933.0,24906.0
,,1,4047.0,10682.0
,,1,23840.0,36342.0
,,1,27317.0,5274.0
,,1,9763.0,8686.0
,,1,23550.0,70463.0
,,1,2951.0,47846.0
,,1,11643.0,31011.0
,,1,25900.0,23919.0
,,1,13783.0,8625.0
,,1,33.0,16533.0
,,1,62.0,42529.0
,,1,5236.0,390.0
,,1,1964.0,23801.0
,,1,8016.0,50868.0
,,1,5225.0,10429.0
,,1,9941.0,7182.0
,,1,36521.0,39066.0
,,1,10004.0,71198.0
,,1,6218.0,22969.0
,,1,1120.0,5481.0
,,1,25541.0,17944.0
,,1,98.0,10058.0
,,1,9132.0,28557.0
,,1,4377.0,48962.0
,,1,19051.0,63022.0
,,1,5069.0,1550.0
,,1,197.0,4859.0
,,1,19029.0,31024.0
,,1,1252.0,37101.0
,,1,1631.0,5079.0
,,1,24150.0,63431.0
,,1,5291.0,7448.0
,,1,18588.0,19030.0
,,1,855.0,4722.0
,,1,9738.0,35827.0
,,1,1507.0,174.0
,,1,14403.0,22900.0
,,1,351.0,24442.0
,,1,1293.0,44344.0
,,1,9905.0,27004.0
,,1,1153.0,62.0
,,1,8265.0,6693.0
,,1,3574.0,7857.0
,,1,10267.0,38696.0
,,1,27092.0,14508.0
,,1,3503.0,13607.0
,,1,64136.0,79688.0
,,1,919.0,13232.0
,,1,5800.0,4575.0
,,1,2545.0,37023.0
,,1,855.0,22688.0
,,1,69.0,17304.0
,,1,8110.0,3614.0
,,1,3584.0,14770.0
,,1,52061.0,76634.0
,,1,9571.0,59094.0
,,1,41.0,23333.0
,,1,388.0,20328.0
,,1,6167.0,5747.0
,,1,14963.0,8817.0
,,1,495.0,10041.0
,,1,14111.0,3611.0
,,1,66.0,1877.0
,,1,23028.0,3717.0
,,1,1293.0,44405.0
,,1,1278.0,6869.0
,,1,4833.0,65062.0
,,1,76.0,6826.0
,,0,760.0,66241.0
,,0,2879.0,9593.0
,,0,1931.0,58334.0
,,0,12471.0,16175.0
,,0,28691.0,14085.0
,,0,6434.0,7414.0
,,0,4387.0,66786.0
,,0,1334.0,29442.0
,,0,16505.0,31128.0
,,0,673.0,28175.0
,,0,4512.0,5755.0
,,0,4592.0,17520.0
,,0,3782.0,25029.0
,,0,6162.0,35473.0
,,0,1650.0,24712.0
,,0,1935.0,15342.0
,,0,976.0,1935.0
,,0,6056.0,20289.0
,,0,18721.0,9716.0
,,0,4237.0,11038.0
,,0,1429.0,1635.0
,,0,911.0,28175.0
,,0,13290.0,13316.0
,,0,17036.0,21096.0
,,0,5735.0,26488.0
,,0,5490.0,24143.0
,,0,22897.0,16175.0
,,0,7605.0,30568.0
,,0,1646.0,10300.0
,,0,1364.0,10172.0
,,0,2280.0,9809.0
,,0,7005.0,11411.0
,,0,28071.0,19790.0
,,0,38015.0,46284.0
,,0,7216.0,2951.0
,,0,5613.0,3140.0
,,0,18705.0,11731.0
,,0,13492.0,13525.0
,,0,2806.0,46723.0
,,0,16175.0,61577.0
,,0,3228.0,5689.0
,,0,1802.0,18477.0
,,0,1646.0,4067.0
,,0,1802.0,30190.0
,,0,5441.0,16892.0
,,0,47780.0,32870.0
,,0,8628.0,3076.0
,,0,849.0,1353.0
,,0,678.0,18647.0
,,0,24708.0,16719.0
,,0,759.0,845.0
,,0,3617.0,34877.0
,,0,1150.0,36293.0
,,0,13081.0,3037.0
,,0,1285.0,2915.0
,,0,4491.0,50323.0
,,0,31136.0,50328.0
,,0,10306.0,14507.0
,,0,7373.0,9684.0
,,0,3378.0,19892.0
,,0,8705.0,7001.0
,,0,21251.0,21127.0
,,0,1252.0,26700.0
,,0,27373.0,44266.0
,,0,13222.0,10384.0
,,0,1485.0,15986.0
,,0,52630.0,73250.0
,,0,2506.0,21990.0
,,0,2003.0,71255.0
,,0,1514.0,4337.0
,,0,1360.0,1493.0
,,0,911.0,5193.0
,,0,1923.0,64456.0
,,0,423.0,55378.0
,,0,11324.0,5263.0
,,0,850.0,1522.0
,,0,7039.0,13025.0
,,0,22566.0,18305.0
,,0,4793.0,433.0
,,0,551.0,4051.0
,,0,11816.0,6763.0
,,0,9507.0,5773.0
,,0,1015.0,6086.0
,,0,6112.0,78397.0
,,0,2049.0,27026.0
,,0,906.0,10168.0
,,0,1240.0,1658.0
,,0,12492.0,3690.0
,,0,4719.0,4884.0
,,0,18940.0,13748.0
,,0,5468.0,18374.0
,,0,12505.0,51006.0
,,0,663.0,18016.0
,,0,12492.0,55046.0
,,0,20307.0,59747.0
,,0,81.0,48399.0
,,0,15913.0,19123.0
,,0,5205.0,7191.0
,,0,36749.0,61417.0
,,0,1297.0,42999.0
,,0,25117.0,21736.0
,,0,614.0,6024.0
,,0,4860.0,8959.0
,,0,16925.0,7640.0
,,0,5607.0,5457.0
,,0,1249.0,109.0
,,0,46829.0,20043.0
,,0,815.0,15249.0
,,0,31356.0,29282.0
,,0,161.0,13232.0
,,0,13513.0,60425.0
,,0,7644.0,2719.0
,,0,7.0,4303.0
,,0,2358.0,22530.0
,,0,6561.0,9783.0
,,0,25029.0,3364.0
,,0,5187.0,3355.0
,,0,8490.0,3100.0
,,0,1485.0,14531.0
,,0,6748.0,14816.0
,,0,5125.0,24279.0
,,0,850.0,15442.0
,,0,25032.0,7449.0
,,0,170.0,66974.0
,,0,2635.0,41460.0
,,0,807.0,1438.0
,,0,937.0,66169.0
,,0,2895.0,9017.0
,,0,9730.0,40933.0
,,0,2355.0,61158.0
,,0,56430.0,44084.0
,,0,5084.0,21673.0
,,0,10243.0,54728.0
,,0,10272.0,4792.0
,,0,16816.0,49271.0
,,0,4491.0,7344.0
,,0,807.0,9042.0
,,0,1060.0,8132.0
,,0,10103.0,13806.0
,,0,10940.0,58325.0
,,0,15115.0,60788.0
,,0,59.0,6264.0
,,0,25057.0,15548.0
,,0,5971.0,51081.0
,,0,9127.0,27082.0
,,0,14918.0,60167.0
,,0,2205.0,8402.0
,,0,1635.0,12093.0
,,0,11545.0,71231.0
,,0,5102.0,2748.0
,,0,1488.0,41250.0
,,0,2628.0,25684.0
,,0,9546.0,11308.0
,,0,8.0,70975.0
,,0,4987.0,49727.0
,,0,9717.0,14242.0
,,0,22514.0,56199.0
,,0,2628.0,24719.0
,,0,5394.0,37202.0
,,0,17957.0,10461.0
,,0,8704.0,21042.0
,,0,1143.0,13255.0
,,0,41833.0,23219.0
,,0,12241.0,21990.0
,,0,3358.0,37337.0
,,0,16816.0,27691.0
,,0,6208.0,6483.0
,,0,6787.0,7614.0
,,0,641.0,11480.0
,,0,59747.0,31479.0
,,0,213.0,45151.0
,,0,937.0,40602.0
,,0,6621.0,6640.0
,,0,3287.0,3697.0
,,0,28492.0,5063.0
,,0,11033.0,14507.0
,,0,1461.0,54732.0
,,0,16596.0,29556.0
,,0,12385.0,3697.0
,,0,5310.0,2782.0
,,0,4337.0,48892.0
,,0,7987.0,19783.0
,,0,2191.0,25323.0
,,0,23783.0,63273.0
,,0,13245.0,6909.0
,,0,13217.0,13263.0
,,0,3253.0,56462.0
,,0,1313.0,20457.0
,,0,22101.0,3449.0
,,0,109.0,27093.0
,,0,437.0,25117.0
,,0,11179.0,4605.0
,,0,2806.0,3287.0
,,0,13023.0,6543.0
,,0,6706.0,22220.0
,,0,176.0,5888.0
,,0,172.0,52119.0
,,0,34650.0,62756.0
,,0,3087.0,3076.0
,,0,24796.0,12891.0
,,0,7373.0,31146.0
,,0,6235.0,40345.0
,,0,28058.0,50688.0
,,0,1240.0,40178.0
,,0,12484.0,49502.0
,,0,2238.0,24497.0
,,0,10747.0,25590.0
,,0,7644.0,53309.0
,,0,2490.0,5702.0
,,0,1522.0,41701.0
,,0,24653.0,6034.0
,,0,3617.0,7890.0
,,0,18697.0,2785.0
,,0,50.0,10967.0
,,0,3534.0,47832.0
,,0,1602.0,3513.0
,,0,39509.0,43118.0
,,0,3245.0,3438.0
,,0,2237.0,45308.0
,,0,5187.0,37761.0
,,0,5185.0,19121.0
,,0,9813.0,35839.0
,,0,19390.0,73203.0
,,0,17036.0,61967.0
,,0,3811.0,13181.0
,,0,6942.0,4068.0
,,0,4096.0,16722.0
,,0,9520.0,16610.0
,,0,47836.0,56174.0
,,0,7006.0,2342.0
,,0,400.0,7414.0
,,0,1635.0,3932.0
,,0,896.0,14009.0
,,0,678.0,36741.0
,,0,1951.0,7100.0
,,0,40755.0,25946.0
